NASNetMobile,DenseNet20,ResNet50,DenseNet2,Xception,MobileNetV2,MobileNet,ResNet50V2,InceptionV3,InceptionResNetV2
NASNetMobile,DenseNet20,ResNet50,DenseNet2,MobileNet,InceptionV3,InceptionResNetV2
NASNetMobile,DenseNet20,DenseNet2,InceptionV3,InceptionResNetV2,
NASNetMobile,DenseNet20,DenseNet2,InceptionV3,InceptionResNetV2,Xception
NASNetMobile,DenseNet20,DenseNet2,InceptionV3,InceptionResNetV2,Xception
NASNetMobile,DenseNet20,DenseNet2,InceptionV3,InceptionResNetV2,Xception,MobileNet
NASNetMobile,DenseNet20,DenseNet2,InceptionV3,InceptionResNetV2,Xception,MobileNet,MobileNetV2,
NASNetMobile,DenseNet20,DenseNet2,InceptionV3,InceptionResNetV2,
DenseNet20,DenseNet2,InceptionResNetV2
DenseNet20,DenseNet2,InceptionResNetV2
DenseNet20,DenseNet2,InceptionResNetV2,NASNetMobile,
DenseNet20,DenseNet2,InceptionResNetV2,NASNetMobile,Xception,
DenseNet20,DenseNet2,InceptionResNetV2,NASNetMobile,Xception,
DenseNet20,DenseNet2,InceptionResNetV2,NASNetMobile,Xception,MobileNet
DenseNet20,DenseNet2,InceptionResNetV2,NASNetMobile,Xception,MobileNet
DenseNet20,DenseNet2,InceptionResNetV2,NASNetMobile,Xception,MobileNet,MobileNetV2
DenseNet20,InceptionResNetV2,NASNetMobile,Xception,
DenseNet20,InceptionResNetV2,NASNetMobile,Xception,DenseNet2,
DenseNet20,InceptionResNetV2,NASNetMobile,Xception,DenseNet2,
DenseNet20,InceptionResNetV2,NASNetMobile,Xception,DenseNet2,
DenseNet20,InceptionResNetV2,NASNetMobile
DenseNet20,InceptionResNetV2,NASNetMobile,DenseNet2,
DenseNet20,InceptionResNetV2,NASNetMobile
DenseNet20,InceptionResNetV2,NASNetMobile
DenseNet20,InceptionResNetV2,NASNetMobile
DenseNet20,InceptionResNetV2,NASNetMobile
DenseNet20,InceptionResNetV2,NASNetMobile
DenseNet20,InceptionResNetV2,NASNetMobile,DenseNet2,
DenseNet20,InceptionResNetV2,NASNetMobile
DenseNet20,InceptionResNetV2,NASNetMobile,DenseNet2,
DenseNet20,InceptionResNetV2,NASNetMobile,DenseNet2,
DenseNet20,InceptionResNetV2,NASNetMobile,DenseNet2,Xception,
DenseNet20,InceptionResNetV2,NASNetMobile,DenseNet2,Xception,
DenseNet20,InceptionResNetV2,NASNetMobile,DenseNet2,Xception,
DenseNet20,InceptionResNetV2,NASNetMobile,DenseNet2,Xception,MobileNet
DenseNet20,InceptionResNetV2,NASNetMobile,DenseNet2,Xception,MobileNet,MobileNetV2
DenseNet20,InceptionResNetV2,NASNetMobile,DenseNet2,Xception,MobileNet,MobileNetV2
DenseNet20,InceptionResNetV2,NASNetMobile,DenseNet2,Xception,MobileNet,MobileNetV2
DenseNet20,InceptionResNetV2,NASNetMobile,DenseNet2,Xception,MobileNet,MobileNetV2
DenseNet20,InceptionResNetV2,NASNetMobile,DenseNet2,Xception,MobileNet,MobileNetV2
DenseNet20,InceptionResNetV2,NASNetMobile,Xception,
DenseNet20,InceptionResNetV2,NASNetMobile,Xception,
DenseNet20,InceptionResNetV2,NASNetMobile,Xception,
DenseNet20,InceptionResNetV2,NASNetMobile,Xception,
DenseNet20,InceptionResNetV2,NASNetMobile
DenseNet20,InceptionResNetV2,NASNetMobile,DenseNet2,
DenseNet20,InceptionResNetV2,NASNetMobile
DenseNet20,InceptionResNetV2,NASNetMobile
DenseNet20,InceptionResNetV2,NASNetMobile
DenseNet20,InceptionResNetV2,NASNetMobile
DenseNet20,InceptionResNetV2
DenseNet20,InceptionResNetV2,NASNetMobile
DenseNet20,InceptionResNetV2,NASNetMobile,DenseNet2,
DenseNet20,InceptionResNetV2,NASNetMobile,DenseNet2,
DenseNet20,InceptionResNetV2,NASNetMobile,DenseNet2,
DenseNet20,InceptionResNetV2,NASNetMobile,DenseNet2,
DenseNet20,InceptionResNetV2,NASNetMobile,DenseNet2,
DenseNet20,InceptionResNetV2,NASNetMobile,DenseNet2,Xception,
DenseNet20,InceptionResNetV2,NASNetMobile,DenseNet2,Xception,MobileNet
DenseNet20,InceptionResNetV2,DenseNet2,Xception,
DenseNet20,InceptionResNetV2,DenseNet2,Xception,
DenseNet20,InceptionResNetV2,DenseNet2,Xception,NASNetMobile,
DenseNet20,InceptionResNetV2,DenseNet2,Xception,NASNetMobile,
DenseNet20,InceptionResNetV2,DenseNet2
DenseNet20,InceptionResNetV2
DenseNet20,InceptionResNetV2
DenseNet20,InceptionResNetV2
DenseNet20,InceptionResNetV2
DenseNet20,InceptionResNetV2,NASNetMobile
DenseNet20,InceptionResNetV2,NASNetMobile,DenseNet2,
DenseNet20,InceptionResNetV2,NASNetMobile,DenseNet2,
DenseNet20,InceptionResNetV2,NASNetMobile,DenseNet2,Xception,
DenseNet20,InceptionResNetV2,NASNetMobile,DenseNet2,Xception,MobileNet
DenseNet20,InceptionResNetV2,NASNetMobile,DenseNet2,Xception,MobileNet
DenseNet20,InceptionResNetV2,DenseNet2,Xception,
DenseNet20,InceptionResNetV2,DenseNet2,Xception,
DenseNet20,InceptionResNetV2,DenseNet2,Xception,
DenseNet20,InceptionResNetV2,DenseNet2
DenseNet20,InceptionResNetV2,DenseNet2
DenseNet20,InceptionResNetV2,DenseNet2,NASNetMobile,
DenseNet20,InceptionResNetV2,DenseNet2,NASNetMobile,Xception,
DenseNet20,InceptionResNetV2,DenseNet2,NASNetMobile,Xception,
InceptionResNetV2,NASNetMobile,Xception
InceptionResNetV2,NASNetMobile,Xception,DenseNet20,
InceptionResNetV2,NASNetMobile,Xception,DenseNet20,DenseNet2,
InceptionResNetV2,Xception,DenseNet20
InceptionResNetV2,Xception,DenseNet20
InceptionResNetV2,Xception,DenseNet20,NASNetMobile,
InceptionResNetV2,Xception,DenseNet20,NASNetMobile,DenseNet2,
InceptionResNetV2,Xception,DenseNet20,NASNetMobile,DenseNet2,MobileNet
InceptionResNetV2,Xception,DenseNet20,NASNetMobile,DenseNet2,MobileNet
InceptionResNetV2,Xception,DenseNet20,NASNetMobile,DenseNet2,MobileNet
InceptionResNetV2,DenseNet20,NASNetMobile,DenseNet2,
InceptionResNetV2,DenseNet20,NASNetMobile,DenseNet2,Xception,
InceptionResNetV2,DenseNet20,NASNetMobile,DenseNet2,Xception,
InceptionResNetV2,DenseNet20,NASNetMobile,DenseNet2,Xception,MobileNet
InceptionResNetV2,DenseNet20,NASNetMobile,DenseNet2,Xception,MobileNet
InceptionResNetV2,DenseNet20,NASNetMobile,DenseNet2,Xception,MobileNet,MobileNetV2
InceptionResNetV2,DenseNet20,NASNetMobile,DenseNet2,Xception,MobileNet,MobileNetV2,InceptionV3,
InceptionResNetV2,DenseNet20,NASNetMobile,DenseNet2,Xception,MobileNet,MobileNetV2,InceptionV3,
InceptionResNetV2,DenseNet20,NASNetMobile,DenseNet2,Xception,
InceptionResNetV2,DenseNet20,NASNetMobile,DenseNet2,Xception,
InceptionResNetV2,DenseNet20,NASNetMobile,DenseNet2,Xception,
InceptionResNetV2,DenseNet20,NASNetMobile,DenseNet2,Xception,
InceptionResNetV2,DenseNet20,DenseNet2
InceptionResNetV2,DenseNet20
InceptionResNetV2,DenseNet20,NASNetMobile
InceptionResNetV2,NASNetMobile
InceptionResNetV2,NASNetMobile
InceptionResNetV2,NASNetMobile,DenseNet20
InceptionResNetV2,NASNetMobile,DenseNet20,DenseNet2,
InceptionResNetV2,NASNetMobile,DenseNet20
InceptionResNetV2,NASNetMobile,DenseNet20,DenseNet2,
InceptionResNetV2,NASNetMobile,DenseNet20,DenseNet2,Xception,
InceptionResNetV2,NASNetMobile,DenseNet20
InceptionResNetV2,NASNetMobile,DenseNet20
InceptionResNetV2,DenseNet20
InceptionResNetV2,DenseNet20,NASNetMobile
InceptionResNetV2,DenseNet20
InceptionResNetV2,DenseNet20
InceptionResNetV2,DenseNet20
InceptionResNetV2,DenseNet20,NASNetMobile
InceptionResNetV2,DenseNet20,NASNetMobile
InceptionResNetV2,DenseNet20,NASNetMobile,DenseNet2,
InceptionResNetV2,DenseNet20,NASNetMobile,DenseNet2,Xception,
InceptionResNetV2,DenseNet20,NASNetMobile,DenseNet2,Xception,MobileNet
InceptionResNetV2,DenseNet20,NASNetMobile,DenseNet2,Xception,MobileNet,MobileNetV2
InceptionResNetV2,DenseNet20,NASNetMobile,DenseNet2,Xception,MobileNet,MobileNetV2,InceptionV3,
InceptionResNetV2,DenseNet20,NASNetMobile,DenseNet2,Xception,MobileNet,MobileNetV2,InceptionV3,ResNet50V2,
InceptionResNetV2,DenseNet20,NASNetMobile,DenseNet2,Xception,MobileNet,MobileNetV2,InceptionV3,ResNet50V2,
InceptionResNetV2,DenseNet20,NASNetMobile,DenseNet2,Xception,MobileNet,MobileNetV2,InceptionV3,ResNet50V2,
InceptionResNetV2,DenseNet20,NASNetMobile,DenseNet2,Xception,MobileNet,MobileNetV2,InceptionV3,ResNet50V2,ResNet50
InceptionResNetV2,DenseNet20,NASNetMobile,DenseNet2,Xception,MobileNet,MobileNetV2,InceptionV3,ResNet50V2,ResNet50
InceptionResNetV2,DenseNet20,NASNetMobile,DenseNet2,Xception,MobileNet,MobileNetV2,InceptionV3,ResNet50V2,ResNet50
InceptionResNetV2,DenseNet20,NASNetMobile,DenseNet2,Xception,MobileNet,MobileNetV2,InceptionV3,ResNet50V2,ResNet50
InceptionResNetV2,DenseNet20,NASNetMobile,DenseNet2,Xception,MobileNet,InceptionV3
InceptionResNetV2,DenseNet20,NASNetMobile,DenseNet2,Xception,MobileNet,InceptionV3
InceptionResNetV2,DenseNet20,NASNetMobile,DenseNet2,Xception,MobileNet,InceptionV3
InceptionResNetV2,DenseNet20,NASNetMobile,DenseNet2,Xception,MobileNet,InceptionV3
InceptionResNetV2,DenseNet20,NASNetMobile,Xception,
InceptionResNetV2,DenseNet20,NASNetMobile,Xception,
InceptionResNetV2,DenseNet20,NASNetMobile,Xception,DenseNet2,
InceptionResNetV2,DenseNet20,NASNetMobile,Xception,DenseNet2,
InceptionResNetV2,DenseNet20,NASNetMobile,Xception,DenseNet2,
InceptionResNetV2,DenseNet20,NASNetMobile,Xception,DenseNet2,
InceptionResNetV2,DenseNet20,NASNetMobile,Xception,DenseNet2,
InceptionResNetV2,DenseNet20,NASNetMobile
InceptionResNetV2,DenseNet20,NASNetMobile
InceptionResNetV2,DenseNet20,NASNetMobile,DenseNet2,
InceptionResNetV2,DenseNet20,NASNetMobile,DenseNet2,
InceptionResNetV2,DenseNet20,NASNetMobile,DenseNet2,Xception,
InceptionResNetV2,DenseNet20,NASNetMobile,DenseNet2,Xception,
InceptionResNetV2,DenseNet20,NASNetMobile
InceptionResNetV2,DenseNet20,NASNetMobile
InceptionResNetV2,DenseNet20,NASNetMobile,DenseNet2,
InceptionResNetV2,DenseNet20,NASNetMobile,DenseNet2,
InceptionResNetV2,DenseNet20,NASNetMobile
InceptionResNetV2,DenseNet20,NASNetMobile
InceptionResNetV2,DenseNet20,NASNetMobile,DenseNet2,
InceptionResNetV2,DenseNet20,NASNetMobile
InceptionResNetV2,DenseNet20,NASNetMobile,DenseNet2,
InceptionResNetV2,DenseNet20,NASNetMobile,DenseNet2,
InceptionResNetV2,DenseNet20,NASNetMobile,DenseNet2,Xception,
InceptionResNetV2,DenseNet20,NASNetMobile,DenseNet2,Xception,
DenseNet20,NASNetMobile,DenseNet2
DenseNet20,NASNetMobile,DenseNet2,InceptionResNetV2,
DenseNet20,NASNetMobile,DenseNet2,InceptionResNetV2,
DenseNet20,NASNetMobile,DenseNet2,InceptionResNetV2,
DenseNet20,DenseNet2,InceptionResNetV2
DenseNet20,InceptionResNetV2
DenseNet20,InceptionResNetV2
DenseNet20,InceptionResNetV2,NASNetMobile
DenseNet20,InceptionResNetV2,NASNetMobile
DenseNet20,InceptionResNetV2,NASNetMobile
DenseNet20,InceptionResNetV2,NASNetMobile
DenseNet20,InceptionResNetV2,NASNetMobile,DenseNet2,
DenseNet20,InceptionResNetV2,NASNetMobile
DenseNet20,InceptionResNetV2,NASNetMobile
DenseNet20,InceptionResNetV2,NASNetMobile,DenseNet2,
DenseNet20,InceptionResNetV2,NASNetMobile,DenseNet2,Xception,
DenseNet20,InceptionResNetV2,Xception
DenseNet20,InceptionResNetV2
DenseNet20,InceptionResNetV2
DenseNet20,InceptionResNetV2,NASNetMobile
DenseNet20,InceptionResNetV2,NASNetMobile,DenseNet2,
DenseNet20,InceptionResNetV2,NASNetMobile,DenseNet2,
DenseNet20,InceptionResNetV2,NASNetMobile,DenseNet2,Xception,
DenseNet20,InceptionResNetV2,NASNetMobile,DenseNet2,Xception,
DenseNet20,InceptionResNetV2,NASNetMobile
DenseNet20,InceptionResNetV2,NASNetMobile
DenseNet20,InceptionResNetV2,NASNetMobile,DenseNet2,
DenseNet20,InceptionResNetV2,NASNetMobile,DenseNet2,Xception,
DenseNet20,InceptionResNetV2,NASNetMobile,DenseNet2,Xception,
DenseNet20,InceptionResNetV2,NASNetMobile,DenseNet2,Xception,MobileNet
DenseNet20,InceptionResNetV2,NASNetMobile,DenseNet2,
DenseNet20,InceptionResNetV2,NASNetMobile,DenseNet2,
DenseNet20,InceptionResNetV2,NASNetMobile,DenseNet2,
DenseNet20,InceptionResNetV2,NASNetMobile,DenseNet2,
DenseNet20,InceptionResNetV2,NASNetMobile
DenseNet20,InceptionResNetV2,NASNetMobile
DenseNet20,InceptionResNetV2,NASNetMobile,DenseNet2,
DenseNet20,InceptionResNetV2,NASNetMobile,DenseNet2,
DenseNet20,InceptionResNetV2,NASNetMobile,DenseNet2,
DenseNet20,InceptionResNetV2,DenseNet2
DenseNet20,InceptionResNetV2,DenseNet2
DenseNet20,InceptionResNetV2,DenseNet2,NASNetMobile,
DenseNet20,InceptionResNetV2,NASNetMobile
DenseNet20,InceptionResNetV2,NASNetMobile,DenseNet2,
DenseNet20,InceptionResNetV2,NASNetMobile,DenseNet2,
DenseNet20,InceptionResNetV2,NASNetMobile,DenseNet2,Xception,
DenseNet20,InceptionResNetV2,NASNetMobile,DenseNet2,Xception,MobileNet
DenseNet20,InceptionResNetV2,NASNetMobile,Xception,
DenseNet20,InceptionResNetV2,NASNetMobile,Xception,DenseNet2,
InceptionResNetV2,Xception,DenseNet2
InceptionResNetV2,Xception,DenseNet2,DenseNet20,
InceptionResNetV2,Xception,DenseNet20
InceptionResNetV2,DenseNet20
InceptionResNetV2,DenseNet20,NASNetMobile
InceptionResNetV2,DenseNet20
InceptionResNetV2,DenseNet20,NASNetMobile
InceptionResNetV2,DenseNet20,NASNetMobile,DenseNet2,
InceptionResNetV2,DenseNet20,NASNetMobile,DenseNet2,
InceptionResNetV2,DenseNet20,NASNetMobile,DenseNet2,Xception,
InceptionResNetV2,DenseNet20,NASNetMobile,DenseNet2,Xception,MobileNet
InceptionResNetV2,DenseNet20,NASNetMobile,DenseNet2,Xception,MobileNet
InceptionResNetV2,DenseNet20,NASNetMobile,DenseNet2,Xception,MobileNet
InceptionResNetV2,DenseNet20,DenseNet2,MobileNet,
InceptionResNetV2,DenseNet20,DenseNet2
InceptionResNetV2,DenseNet20,DenseNet2,NASNetMobile,
InceptionResNetV2,DenseNet20,NASNetMobile
InceptionResNetV2,DenseNet20,NASNetMobile
InceptionResNetV2,DenseNet20,NASNetMobile
InceptionResNetV2,DenseNet20,NASNetMobile
InceptionResNetV2,DenseNet20,NASNetMobile
InceptionResNetV2,DenseNet20,NASNetMobile
InceptionResNetV2,DenseNet20,NASNetMobile
InceptionResNetV2,DenseNet20,NASNetMobile
InceptionResNetV2,DenseNet20,NASNetMobile,DenseNet2,
InceptionResNetV2,DenseNet20,NASNetMobile,DenseNet2,
InceptionResNetV2,DenseNet20,NASNetMobile,DenseNet2,Xception,
InceptionResNetV2,DenseNet20,NASNetMobile,DenseNet2,Xception,MobileNet
InceptionResNetV2,DenseNet20,NASNetMobile,DenseNet2,Xception,MobileNet
InceptionResNetV2,DenseNet20,NASNetMobile,DenseNet2,Xception,MobileNet
InceptionResNetV2,DenseNet20,NASNetMobile,DenseNet2,Xception,MobileNet
InceptionResNetV2,DenseNet20,NASNetMobile,DenseNet2,
InceptionResNetV2,DenseNet20,DenseNet2
InceptionResNetV2,DenseNet20,DenseNet2,NASNetMobile,
InceptionResNetV2,DenseNet20,DenseNet2,NASNetMobile,Xception,
InceptionResNetV2,DenseNet20,NASNetMobile
InceptionResNetV2,DenseNet20,NASNetMobile,DenseNet2,

