"batchId ,",1.0,",overall_accuracy, ",77.5,",step_accuracy, ",77.5,",models, ","Counter({'MobileNet': 1, 'DenseNet121': 1, 'NASNetMobile': 1, 'Xception': 1, 'MobileNetV2': 1})",",",5,",",
"batchId ,",2.0,",overall_accuracy, ",76.75,",step_accuracy, ",76.0,",models, ","Counter({'MobileNet': 1, 'DenseNet121': 1, 'NASNetMobile': 1, 'Xception': 1, 'MobileNetV2': 1})",",",5,",",
"batchId ,",3.0,",overall_accuracy, ",77.5,",step_accuracy, ",79.0,",models, ","Counter({'MobileNet': 1, 'DenseNet121': 1, 'NASNetMobile': 1, 'Xception': 1, 'MobileNetV2': 1})",",",5,",",
"batchId ,",4.0,",overall_accuracy, ",75.5,",step_accuracy, ",69.5,",models, ","Counter({'MobileNet': 1, 'DenseNet121': 1, 'NASNetMobile': 1, 'Xception': 1, 'MobileNetV2': 1})",",",5,",",
"batchId ,",5.0,",overall_accuracy, ",76.2,",step_accuracy, ",79.0,",models, ","Counter({'MobileNet': 1, 'DenseNet121': 1, 'NASNetMobile': 1, 'Xception': 1, 'MobileNetV2': 1})",",",5,",",
"batchId ,",6.0,",overall_accuracy, ",75.83333333333333,",step_accuracy, ",74.0,",models, ","Counter({'MobileNet': 1, 'DenseNet121': 1, 'NASNetMobile': 1, 'Xception': 1, 'MobileNetV2': 1})",",",5,",",
"batchId ,",7.0,",overall_accuracy, ",75.28571428571429,",step_accuracy, ",72.0,",models, ","Counter({'MobileNet': 1, 'DenseNet121': 1, 'NASNetMobile': 1, 'Xception': 1, 'MobileNetV2': 1})",",",5,",",
"batchId ,",8.0,",overall_accuracy, ",75.25,",step_accuracy, ",75.0,",models, ","Counter({'MobileNet': 1, 'DenseNet121': 1, 'NASNetMobile': 1, 'Xception': 1, 'MobileNetV2': 1})",",",5,",",
"batchId ,",9.0,",overall_accuracy, ",75.77777777777777,",step_accuracy, ",80.0,",models, ","Counter({'MobileNet': 1, 'DenseNet121': 1, 'NASNetMobile': 1, 'Xception': 1, 'MobileNetV2': 1})",",",5,",",
"batchId ,",10.0,",overall_accuracy, ",75.64999999999999,",step_accuracy, ",74.5,",models, ","Counter({'MobileNet': 1, 'DenseNet121': 1, 'NASNetMobile': 1, 'Xception': 1, 'MobileNetV2': 1})",",",5,",",
"batchId ,",11.0,",overall_accuracy, ",75.36363636363636,",step_accuracy, ",72.5,",models, ","Counter({'MobileNet': 1, 'DenseNet121': 1, 'NASNetMobile': 1, 'Xception': 1, 'MobileNetV2': 1})",",",5,",",
"batchId ,",12.0,",overall_accuracy, ",75.0,",step_accuracy, ",71.0,",models, ","Counter({'MobileNet': 1, 'DenseNet121': 1, 'NASNetMobile': 1, 'Xception': 1, 'MobileNetV2': 1})",",",5,",",
"batchId ,",13.0,",overall_accuracy, ",74.92307692307692,",step_accuracy, ",74.0,",models, ","Counter({'MobileNet': 1, 'DenseNet121': 1, 'NASNetMobile': 1, 'Xception': 1, 'MobileNetV2': 1})",",",5,",",
"batchId ,",14.0,",overall_accuracy, ",74.39285714285714,",step_accuracy, ",67.5,",models, ","Counter({'MobileNet': 1, 'DenseNet121': 1, 'NASNetMobile': 1, 'Xception': 1, 'MobileNetV2': 1})",",",5,",",
"batchId ,",15.0,",overall_accuracy, ",74.46666666666667,",step_accuracy, ",75.5,",models, ","Counter({'MobileNet': 1, 'DenseNet121': 1, 'NASNetMobile': 1, 'Xception': 1, 'MobileNetV2': 1})",",",5,",",
"batchId ,",16.0,",overall_accuracy, ",74.34375,",step_accuracy, ",72.5,",models, ","Counter({'MobileNet': 1, 'DenseNet121': 1, 'NASNetMobile': 1, 'Xception': 1, 'MobileNetV2': 1})",",",5,",",
"batchId ,",17.0,",overall_accuracy, ",74.52941176470588,",step_accuracy, ",77.5,",models, ","Counter({'MobileNet': 1, 'DenseNet121': 1, 'NASNetMobile': 1, 'Xception': 1, 'MobileNetV2': 1})",",",5,",",
"batchId ,",18.0,",overall_accuracy, ",74.25,",step_accuracy, ",69.5,",models, ","Counter({'MobileNet': 1, 'DenseNet121': 1, 'NASNetMobile': 1, 'Xception': 1, 'MobileNetV2': 1})",",",5,",",
"batchId ,",19.0,",overall_accuracy, ",74.3421052631579,",step_accuracy, ",76.0,",models, ","Counter({'MobileNet': 1, 'DenseNet121': 1, 'NASNetMobile': 1, 'Xception': 1, 'MobileNetV2': 1})",",",5,",",
"batchId ,",20.0,",overall_accuracy, ",74.4,",step_accuracy, ",75.5,",models, ","Counter({'MobileNet': 1, 'DenseNet121': 1, 'NASNetMobile': 1, 'Xception': 1, 'MobileNetV2': 1})",",",5,",",
"batchId ,",21.0,",overall_accuracy, ",74.5,",step_accuracy, ",76.5,",models, ","Counter({'MobileNet': 1, 'DenseNet121': 1, 'NASNetMobile': 1, 'Xception': 1, 'MobileNetV2': 1})",",",5,",",
"batchId ,",22.0,",overall_accuracy, ",74.25,",step_accuracy, ",69.0,",models, ","Counter({'MobileNet': 1, 'DenseNet121': 1, 'NASNetMobile': 1, 'Xception': 1, 'MobileNetV2': 1})",",",5,",",
"batchId ,",23.0,",overall_accuracy, ",74.56521739130434,",step_accuracy, ",81.5,",models, ","Counter({'MobileNet': 1, 'DenseNet121': 1, 'NASNetMobile': 1, 'Xception': 1, 'MobileNetV2': 1})",",",5,",",
"batchId ,",24.0,",overall_accuracy, ",74.625,",step_accuracy, ",76.0,",models, ","Counter({'MobileNet': 1, 'DenseNet121': 1, 'NASNetMobile': 1, 'Xception': 1, 'MobileNetV2': 1})",",",5,",",
"batchId ,",25.0,",overall_accuracy, ",74.58,",step_accuracy, ",73.5,",models, ","Counter({'MobileNet': 1, 'DenseNet121': 1, 'NASNetMobile': 1, 'Xception': 1, 'MobileNetV2': 1})",",",5,",",
"batchId ,",26.0,",overall_accuracy, ",74.67307692307692,",step_accuracy, ",77.0,",models, ","Counter({'MobileNet': 1, 'DenseNet121': 1, 'NASNetMobile': 1, 'Xception': 1, 'MobileNetV2': 1})",",",5,",",
"batchId ,",27.0,",overall_accuracy, ",74.75925925925925,",step_accuracy, ",77.0,",models, ","Counter({'MobileNet': 1, 'DenseNet121': 1, 'NASNetMobile': 1, 'Xception': 1, 'MobileNetV2': 1})",",",5,",",
"batchId ,",28.0,",overall_accuracy, ",74.58928571428571,",step_accuracy, ",70.0,",models, ","Counter({'MobileNet': 1, 'DenseNet121': 1, 'NASNetMobile': 1, 'Xception': 1, 'MobileNetV2': 1})",",",5,",",
"batchId ,",29.0,",overall_accuracy, ",74.6896551724138,",step_accuracy, ",77.5,",models, ","Counter({'MobileNet': 1, 'DenseNet121': 1, 'NASNetMobile': 1, 'Xception': 1, 'MobileNetV2': 1})",",",5,",",
"batchId ,",30.0,",overall_accuracy, ",74.65,",step_accuracy, ",73.5,",models, ","Counter({'MobileNet': 1, 'DenseNet121': 1, 'NASNetMobile': 1, 'Xception': 1, 'MobileNetV2': 1})",",",5,",",
"batchId ,",31.0,",overall_accuracy, ",74.5,",step_accuracy, ",70.0,",models, ","Counter({'MobileNet': 1, 'DenseNet121': 1, 'NASNetMobile': 1, 'Xception': 1, 'MobileNetV2': 1})",",",5,",",
"batchId ,",32.0,",overall_accuracy, ",74.390625,",step_accuracy, ",71.0,",models, ","Counter({'MobileNet': 1, 'DenseNet121': 1, 'NASNetMobile': 1, 'Xception': 1, 'MobileNetV2': 1})",",",5,",",
"batchId ,",33.0,",overall_accuracy, ",74.45454545454545,",step_accuracy, ",76.5,",models, ","Counter({'MobileNet': 1, 'DenseNet121': 1, 'NASNetMobile': 1, 'Xception': 1, 'MobileNetV2': 1})",",",5,",",
"batchId ,",34.0,",overall_accuracy, ",74.47058823529412,",step_accuracy, ",75.0,",models, ","Counter({'MobileNet': 1, 'DenseNet121': 1, 'NASNetMobile': 1, 'Xception': 1, 'MobileNetV2': 1})",",",5,",",
"batchId ,",35.0,",overall_accuracy, ",74.41428571428571,",step_accuracy, ",72.5,",models, ","Counter({'MobileNet': 1, 'DenseNet121': 1, 'NASNetMobile': 1, 'Xception': 1, 'MobileNetV2': 1})",",",5,",",
"batchId ,",36.0,",overall_accuracy, ",74.3888888888889,",step_accuracy, ",73.5,",models, ","Counter({'MobileNet': 1, 'DenseNet121': 1, 'NASNetMobile': 1, 'Xception': 1, 'MobileNetV2': 1})",",",5,",",
"batchId ,",37.0,",overall_accuracy, ",74.41891891891892,",step_accuracy, ",75.5,",models, ","Counter({'MobileNet': 1, 'DenseNet121': 1, 'NASNetMobile': 1, 'Xception': 1, 'MobileNetV2': 1})",",",5,",",
"batchId ,",38.0,",overall_accuracy, ",74.31578947368422,",step_accuracy, ",70.5,",models, ","Counter({'MobileNet': 1, 'DenseNet121': 1, 'NASNetMobile': 1, 'Xception': 1, 'MobileNetV2': 1})",",",5,",",
"batchId ,",39.0,",overall_accuracy, ",74.26923076923076,",step_accuracy, ",72.5,",models, ","Counter({'MobileNet': 1, 'DenseNet121': 1, 'NASNetMobile': 1, 'Xception': 1, 'MobileNetV2': 1})",",",5,",",
"batchId ,",40.0,",overall_accuracy, ",74.3,",step_accuracy, ",75.5,",models, ","Counter({'MobileNet': 1, 'DenseNet121': 1, 'NASNetMobile': 1, 'Xception': 1, 'MobileNetV2': 1})",",",5,",",
"batchId ,",41.0,",overall_accuracy, ",74.40243902439025,",step_accuracy, ",78.5,",models, ","Counter({'MobileNet': 1, 'DenseNet121': 1, 'NASNetMobile': 1, 'Xception': 1, 'MobileNetV2': 1})",",",5,",",
"batchId ,",42.0,",overall_accuracy, ",74.46428571428572,",step_accuracy, ",77.0,",models, ","Counter({'MobileNet': 1, 'DenseNet121': 1, 'NASNetMobile': 1, 'Xception': 1, 'MobileNetV2': 1})",",",5,",",
"batchId ,",43.0,",overall_accuracy, ",74.44186046511628,",step_accuracy, ",73.5,",models, ","Counter({'MobileNet': 1, 'DenseNet121': 1, 'NASNetMobile': 1, 'Xception': 1, 'MobileNetV2': 1})",",",5,",",
"batchId ,",44.0,",overall_accuracy, ",74.39772727272728,",step_accuracy, ",72.5,",models, ","Counter({'MobileNet': 1, 'DenseNet121': 1, 'NASNetMobile': 1, 'Xception': 1, 'MobileNetV2': 1})",",",5,",",
"batchId ,",45.0,",overall_accuracy, ",74.5111111111111,",step_accuracy, ",79.5,",models, ","Counter({'MobileNet': 1, 'DenseNet121': 1, 'NASNetMobile': 1, 'Xception': 1, 'MobileNetV2': 1})",",",5,",",
"batchId ,",46.0,",overall_accuracy, ",74.53260869565217,",step_accuracy, ",75.5,",models, ","Counter({'MobileNet': 1, 'DenseNet121': 1, 'NASNetMobile': 1, 'Xception': 1, 'MobileNetV2': 1})",",",5,",",
"batchId ,",47.0,",overall_accuracy, ",74.59574468085106,",step_accuracy, ",77.5,",models, ","Counter({'MobileNet': 1, 'DenseNet121': 1, 'NASNetMobile': 1, 'Xception': 1, 'MobileNetV2': 1})",",",5,",",
"batchId ,",48.0,",overall_accuracy, ",74.60416666666667,",step_accuracy, ",75.0,",models, ","Counter({'MobileNet': 1, 'DenseNet121': 1, 'NASNetMobile': 1, 'Xception': 1, 'MobileNetV2': 1})",",",5,",",
"batchId ,",49.0,",overall_accuracy, ",74.73469387755102,",step_accuracy, ",81.0,",models, ","Counter({'MobileNet': 1, 'DenseNet121': 1, 'NASNetMobile': 1, 'Xception': 1, 'MobileNetV2': 1})",",",5,",",
"batchId ,",50.0,",overall_accuracy, ",74.74,",step_accuracy, ",75.0,",models, ","Counter({'MobileNet': 1, 'DenseNet121': 1, 'NASNetMobile': 1, 'Xception': 1, 'MobileNetV2': 1})",",",5,",",
"batchId ,",51.0,",overall_accuracy, ",74.8921568627451,",step_accuracy, ",82.5,",models, ","Counter({'MobileNet': 1, 'DenseNet121': 1, 'NASNetMobile': 1, 'Xception': 1, 'MobileNetV2': 1})",",",5,",",
"batchId ,",52.0,",overall_accuracy, ",74.84615384615385,",step_accuracy, ",72.5,",models, ","Counter({'MobileNet': 1, 'DenseNet121': 1, 'NASNetMobile': 1, 'Xception': 1, 'MobileNetV2': 1})",",",5,",",
"batchId ,",53.0,",overall_accuracy, ",74.74528301886792,",step_accuracy, ",69.5,",models, ","Counter({'MobileNet': 1, 'DenseNet121': 1, 'NASNetMobile': 1, 'Xception': 1, 'MobileNetV2': 1})",",",5,",",
"batchId ,",54.0,",overall_accuracy, ",74.74074074074075,",step_accuracy, ",74.5,",models, ","Counter({'MobileNet': 1, 'DenseNet121': 1, 'NASNetMobile': 1, 'Xception': 1, 'MobileNetV2': 1})",",",5,",",
"batchId ,",55.0,",overall_accuracy, ",74.75454545454545,",step_accuracy, ",75.5,",models, ","Counter({'MobileNet': 1, 'DenseNet121': 1, 'NASNetMobile': 1, 'Xception': 1, 'MobileNetV2': 1})",",",5,",",
"batchId ,",56.0,",overall_accuracy, ",74.79464285714286,",step_accuracy, ",77.0,",models, ","Counter({'MobileNet': 1, 'DenseNet121': 1, 'NASNetMobile': 1, 'Xception': 1, 'MobileNetV2': 1})",",",5,",",
"batchId ,",57.0,",overall_accuracy, ",74.76315789473685,",step_accuracy, ",73.0,",models, ","Counter({'MobileNet': 1, 'DenseNet121': 1, 'NASNetMobile': 1, 'Xception': 1, 'MobileNetV2': 1})",",",5,",",
"batchId ,",58.0,",overall_accuracy, ",74.78448275862068,",step_accuracy, ",76.0,",models, ","Counter({'MobileNet': 1, 'DenseNet121': 1, 'NASNetMobile': 1, 'Xception': 1, 'MobileNetV2': 1})",",",5,",",
"batchId ,",59.0,",overall_accuracy, ",74.79661016949153,",step_accuracy, ",75.5,",models, ","Counter({'MobileNet': 1, 'DenseNet121': 1, 'NASNetMobile': 1, 'Xception': 1, 'MobileNetV2': 1})",",",5,",",
"batchId ,",60.0,",overall_accuracy, ",74.80833333333334,",step_accuracy, ",75.5,",models, ","Counter({'MobileNet': 1, 'DenseNet121': 1, 'NASNetMobile': 1, 'Xception': 1, 'MobileNetV2': 1})",",",5,",",
"batchId ,",61.0,",overall_accuracy, ",74.81967213114754,",step_accuracy, ",75.5,",models, ","Counter({'MobileNet': 1, 'DenseNet121': 1, 'NASNetMobile': 1, 'Xception': 1, 'MobileNetV2': 1})",",",5,",",
"batchId ,",62.0,",overall_accuracy, ",74.75,",step_accuracy, ",70.5,",models, ","Counter({'MobileNet': 1, 'DenseNet121': 1, 'NASNetMobile': 1, 'Xception': 1, 'MobileNetV2': 1})",",",5,",",
"batchId ,",63.0,",overall_accuracy, ",74.71428571428571,",step_accuracy, ",72.5,",models, ","Counter({'MobileNet': 1, 'DenseNet121': 1, 'NASNetMobile': 1, 'Xception': 1, 'MobileNetV2': 1})",",",5,",",
"batchId ,",64.0,",overall_accuracy, ",74.7421875,",step_accuracy, ",76.5,",models, ","Counter({'MobileNet': 1, 'DenseNet121': 1, 'NASNetMobile': 1, 'Xception': 1, 'MobileNetV2': 1})",",",5,",",
"batchId ,",65.0,",overall_accuracy, ",74.8,",step_accuracy, ",78.5,",models, ","Counter({'MobileNet': 1, 'DenseNet121': 1, 'NASNetMobile': 1, 'Xception': 1, 'MobileNetV2': 1})",",",5,",",
"batchId ,",66.0,",overall_accuracy, ",74.87878787878788,",step_accuracy, ",80.0,",models, ","Counter({'MobileNet': 1, 'DenseNet121': 1, 'NASNetMobile': 1, 'Xception': 1, 'MobileNetV2': 1})",",",5,",",
"batchId ,",67.0,",overall_accuracy, ",74.94029850746269,",step_accuracy, ",79.0,",models, ","Counter({'MobileNet': 1, 'DenseNet121': 1, 'NASNetMobile': 1, 'Xception': 1, 'MobileNetV2': 1})",",",5,",",
"batchId ,",68.0,",overall_accuracy, ",74.95588235294117,",step_accuracy, ",76.0,",models, ","Counter({'MobileNet': 1, 'DenseNet121': 1, 'NASNetMobile': 1, 'Xception': 1, 'MobileNetV2': 1})",",",5,",",
"batchId ,",69.0,",overall_accuracy, ",74.91304347826086,",step_accuracy, ",72.0,",models, ","Counter({'MobileNet': 1, 'DenseNet121': 1, 'NASNetMobile': 1, 'Xception': 1, 'MobileNetV2': 1})",",",5,",",
"batchId ,",70.0,",overall_accuracy, ",74.83571428571429,",step_accuracy, ",69.5,",models, ","Counter({'MobileNet': 1, 'DenseNet121': 1, 'NASNetMobile': 1, 'Xception': 1, 'MobileNetV2': 1})",",",5,",",
"batchId ,",71.0,",overall_accuracy, ",74.83802816901408,",step_accuracy, ",75.0,",models, ","Counter({'MobileNet': 1, 'DenseNet121': 1, 'NASNetMobile': 1, 'Xception': 1, 'MobileNetV2': 1})",",",5,",",
"batchId ,",72.0,",overall_accuracy, ",74.82638888888889,",step_accuracy, ",74.0,",models, ","Counter({'MobileNet': 1, 'DenseNet121': 1, 'NASNetMobile': 1, 'Xception': 1, 'MobileNetV2': 1})",",",5,",",
"batchId ,",73.0,",overall_accuracy, ",74.67808219178083,",step_accuracy, ",64.0,",models, ","Counter({'MobileNet': 1, 'DenseNet121': 1, 'NASNetMobile': 1, 'Xception': 1, 'MobileNetV2': 1})",",",5,",",
"batchId ,",74.0,",overall_accuracy, ",74.69594594594594,",step_accuracy, ",76.0,",models, ","Counter({'MobileNet': 1, 'DenseNet121': 1, 'NASNetMobile': 1, 'Xception': 1, 'MobileNetV2': 1})",",",5,",",
"batchId ,",75.0,",overall_accuracy, ",74.74,",step_accuracy, ",78.0,",models, ","Counter({'MobileNet': 1, 'DenseNet121': 1, 'NASNetMobile': 1, 'Xception': 1, 'MobileNetV2': 1})",",",5,",",
"batchId ,",76.0,",overall_accuracy, ",74.71710526315789,",step_accuracy, ",73.0,",models, ","Counter({'MobileNet': 1, 'DenseNet121': 1, 'NASNetMobile': 1, 'Xception': 1, 'MobileNetV2': 1})",",",5,",",
"batchId ,",77.0,",overall_accuracy, ",74.72077922077922,",step_accuracy, ",75.0,",models, ","Counter({'MobileNet': 1, 'DenseNet121': 1, 'NASNetMobile': 1, 'Xception': 1, 'MobileNetV2': 1})",",",5,",",
"batchId ,",78.0,",overall_accuracy, ",74.76923076923076,",step_accuracy, ",78.5,",models, ","Counter({'MobileNet': 1, 'DenseNet121': 1, 'NASNetMobile': 1, 'Xception': 1, 'MobileNetV2': 1})",",",5,",",
"batchId ,",79.0,",overall_accuracy, ",74.76582278481013,",step_accuracy, ",74.5,",models, ","Counter({'MobileNet': 1, 'DenseNet121': 1, 'NASNetMobile': 1, 'Xception': 1, 'MobileNetV2': 1})",",",5,",",
"batchId ,",80.0,",overall_accuracy, ",74.65625,",step_accuracy, ",66.0,",models, ","Counter({'MobileNet': 1, 'DenseNet121': 1, 'NASNetMobile': 1, 'Xception': 1, 'MobileNetV2': 1})",",",5,",",
"batchId ,",81.0,",overall_accuracy, ",74.65432098765432,",step_accuracy, ",74.5,",models, ","Counter({'MobileNet': 1, 'DenseNet121': 1, 'NASNetMobile': 1, 'Xception': 1, 'MobileNetV2': 1})",",",5,",",
"batchId ,",82.0,",overall_accuracy, ",74.64634146341463,",step_accuracy, ",74.0,",models, ","Counter({'MobileNet': 1, 'DenseNet121': 1, 'NASNetMobile': 1, 'Xception': 1, 'MobileNetV2': 1})",",",5,",",
"batchId ,",83.0,",overall_accuracy, ",74.68072289156626,",step_accuracy, ",77.5,",models, ","Counter({'MobileNet': 1, 'DenseNet121': 1, 'NASNetMobile': 1, 'Xception': 1, 'MobileNetV2': 1})",",",5,",",
"batchId ,",84.0,",overall_accuracy, ",74.63095238095238,",step_accuracy, ",70.5,",models, ","Counter({'MobileNet': 1, 'DenseNet121': 1, 'NASNetMobile': 1, 'Xception': 1, 'MobileNetV2': 1})",",",5,",",
"batchId ,",85.0,",overall_accuracy, ",74.64117647058823,",step_accuracy, ",75.5,",models, ","Counter({'MobileNet': 1, 'DenseNet121': 1, 'NASNetMobile': 1, 'Xception': 1, 'MobileNetV2': 1})",",",5,",",
"batchId ,",86.0,",overall_accuracy, ",74.66279069767442,",step_accuracy, ",76.5,",models, ","Counter({'MobileNet': 1, 'DenseNet121': 1, 'NASNetMobile': 1, 'Xception': 1, 'MobileNetV2': 1})",",",5,",",
"batchId ,",87.0,",overall_accuracy, ",74.7183908045977,",step_accuracy, ",79.5,",models, ","Counter({'MobileNet': 1, 'DenseNet121': 1, 'NASNetMobile': 1, 'Xception': 1, 'MobileNetV2': 1})",",",5,",",
"batchId ,",88.0,",overall_accuracy, ",74.64204545454545,",step_accuracy, ",68.0,",models, ","Counter({'MobileNet': 1, 'DenseNet121': 1, 'NASNetMobile': 1, 'Xception': 1, 'MobileNetV2': 1})",",",5,",",
"batchId ,",89.0,",overall_accuracy, ",74.59550561797754,",step_accuracy, ",70.5,",models, ","Counter({'MobileNet': 1, 'DenseNet121': 1, 'NASNetMobile': 1, 'Xception': 1, 'MobileNetV2': 1})",",",5,",",
"batchId ,",90.0,",overall_accuracy, ",74.53333333333333,",step_accuracy, ",69.0,",models, ","Counter({'MobileNet': 1, 'DenseNet121': 1, 'NASNetMobile': 1, 'Xception': 1, 'MobileNetV2': 1})",",",5,",",
"batchId ,",91.0,",overall_accuracy, ",74.52747252747253,",step_accuracy, ",74.0,",models, ","Counter({'MobileNet': 1, 'DenseNet121': 1, 'NASNetMobile': 1, 'Xception': 1, 'MobileNetV2': 1})",",",5,",",
"batchId ,",92.0,",overall_accuracy, ",74.54347826086956,",step_accuracy, ",76.0,",models, ","Counter({'MobileNet': 1, 'DenseNet121': 1, 'NASNetMobile': 1, 'Xception': 1, 'MobileNetV2': 1})",",",5,",",
"batchId ,",93.0,",overall_accuracy, ",74.55913978494624,",step_accuracy, ",76.0,",models, ","Counter({'MobileNet': 1, 'DenseNet121': 1, 'NASNetMobile': 1, 'Xception': 1, 'MobileNetV2': 1})",",",5,",",
"batchId ,",94.0,",overall_accuracy, ",74.52127659574468,",step_accuracy, ",71.0,",models, ","Counter({'MobileNet': 1, 'DenseNet121': 1, 'NASNetMobile': 1, 'Xception': 1, 'MobileNetV2': 1})",",",5,",",
"batchId ,",95.0,",overall_accuracy, ",74.52105263157894,",step_accuracy, ",74.5,",models, ","Counter({'MobileNet': 1, 'DenseNet121': 1, 'NASNetMobile': 1, 'Xception': 1, 'MobileNetV2': 1})",",",5,",",
"batchId ,",96.0,",overall_accuracy, ",74.44270833333333,",step_accuracy, ",67.0,",models, ","Counter({'MobileNet': 1, 'DenseNet121': 1, 'NASNetMobile': 1, 'Xception': 1, 'MobileNetV2': 1})",",",5,",",
"batchId ,",97.0,",overall_accuracy, ",74.44329896907217,",step_accuracy, ",74.5,",models, ","Counter({'MobileNet': 1, 'DenseNet121': 1, 'NASNetMobile': 1, 'Xception': 1, 'MobileNetV2': 1})",",",5,",",
"batchId ,",98.0,",overall_accuracy, ",74.44897959183675,",step_accuracy, ",75.0,",models, ","Counter({'MobileNet': 1, 'DenseNet121': 1, 'NASNetMobile': 1, 'Xception': 1, 'MobileNetV2': 1})",",",5,",",
"batchId ,",99.0,",overall_accuracy, ",74.43939393939394,",step_accuracy, ",73.5,",models, ","Counter({'MobileNet': 1, 'DenseNet121': 1, 'NASNetMobile': 1, 'Xception': 1, 'MobileNetV2': 1})",",",5,",",
"batchId ,",100.0,",overall_accuracy, ",74.42999999999999,",step_accuracy, ",73.5,",models, ","Counter({'MobileNet': 1, 'DenseNet121': 1, 'NASNetMobile': 1, 'Xception': 1, 'MobileNetV2': 1})",",",5,",",
"batchId ,",101.0,",overall_accuracy, ",74.5,",step_accuracy, ",81.5,",models, ","Counter({'MobileNet': 1, 'DenseNet121': 1, 'NASNetMobile': 1, 'Xception': 1, 'MobileNetV2': 1})",",",5,",",
"batchId ,",102.0,",overall_accuracy, ",74.51470588235294,",step_accuracy, ",76.0,",models, ","Counter({'MobileNet': 1, 'DenseNet121': 1, 'NASNetMobile': 1, 'Xception': 1, 'MobileNetV2': 1})",",",5,",",
"batchId ,",103.0,",overall_accuracy, ",74.54368932038835,",step_accuracy, ",77.5,",models, ","Counter({'MobileNet': 1, 'DenseNet121': 1, 'NASNetMobile': 1, 'Xception': 1, 'MobileNetV2': 1})",",",5,",",
"batchId ,",104.0,",overall_accuracy, ",74.53846153846155,",step_accuracy, ",74.0,",models, ","Counter({'MobileNet': 1, 'DenseNet121': 1, 'NASNetMobile': 1, 'Xception': 1, 'MobileNetV2': 1})",",",5,",",
"batchId ,",105.0,",overall_accuracy, ",74.63333333333333,",step_accuracy, ",84.5,",models, ","Counter({'MobileNet': 1, 'DenseNet121': 1, 'NASNetMobile': 1, 'Xception': 1, 'MobileNetV2': 1})",",",5,",",
"batchId ,",106.0,",overall_accuracy, ",74.6745283018868,",step_accuracy, ",79.0,",models, ","Counter({'MobileNet': 1, 'DenseNet121': 1, 'NASNetMobile': 1, 'Xception': 1, 'MobileNetV2': 1})",",",5,",",
"batchId ,",107.0,",overall_accuracy, ",74.67757009345794,",step_accuracy, ",75.0,",models, ","Counter({'MobileNet': 1, 'DenseNet121': 1, 'NASNetMobile': 1, 'Xception': 1, 'MobileNetV2': 1})",",",5,",",
"batchId ,",108.0,",overall_accuracy, ",74.68055555555554,",step_accuracy, ",75.0,",models, ","Counter({'MobileNet': 1, 'DenseNet121': 1, 'NASNetMobile': 1, 'Xception': 1, 'MobileNetV2': 1})",",",5,",",
"batchId ,",109.0,",overall_accuracy, ",74.73394495412845,",step_accuracy, ",80.5,",models, ","Counter({'MobileNet': 1, 'DenseNet121': 1, 'NASNetMobile': 1, 'Xception': 1, 'MobileNetV2': 1})",",",5,",",
"batchId ,",110.0,",overall_accuracy, ",74.71363636363635,",step_accuracy, ",72.5,",models, ","Counter({'MobileNet': 1, 'DenseNet121': 1, 'NASNetMobile': 1, 'Xception': 1, 'MobileNetV2': 1})",",",5,",",
"batchId ,",111.0,",overall_accuracy, ",74.65765765765767,",step_accuracy, ",68.5,",models, ","Counter({'MobileNet': 1, 'DenseNet121': 1, 'NASNetMobile': 1, 'Xception': 1, 'MobileNetV2': 1})",",",5,",",
"batchId ,",112.0,",overall_accuracy, ",74.68303571428572,",step_accuracy, ",77.5,",models, ","Counter({'MobileNet': 1, 'DenseNet121': 1, 'NASNetMobile': 1, 'Xception': 1, 'MobileNetV2': 1})",",",5,",",
"batchId ,",113.0,",overall_accuracy, ",74.65486725663717,",step_accuracy, ",71.5,",models, ","Counter({'MobileNet': 1, 'DenseNet121': 1, 'NASNetMobile': 1, 'Xception': 1, 'MobileNetV2': 1})",",",5,",",
"batchId ,",114.0,",overall_accuracy, ",74.60526315789474,",step_accuracy, ",69.0,",models, ","Counter({'MobileNet': 1, 'DenseNet121': 1, 'NASNetMobile': 1, 'Xception': 1, 'MobileNetV2': 1})",",",5,",",
"batchId ,",115.0,",overall_accuracy, ",74.64782608695653,",step_accuracy, ",79.5,",models, ","Counter({'MobileNet': 1, 'DenseNet121': 1, 'NASNetMobile': 1, 'Xception': 1, 'MobileNetV2': 1})",",",5,",",
"batchId ,",116.0,",overall_accuracy, ",74.62931034482759,",step_accuracy, ",72.5,",models, ","Counter({'MobileNet': 1, 'DenseNet121': 1, 'NASNetMobile': 1, 'Xception': 1, 'MobileNetV2': 1})",",",5,",",
"batchId ,",117.0,",overall_accuracy, ",74.64529914529915,",step_accuracy, ",76.5,",models, ","Counter({'MobileNet': 1, 'DenseNet121': 1, 'NASNetMobile': 1, 'Xception': 1, 'MobileNetV2': 1})",",",5,",",
"batchId ,",118.0,",overall_accuracy, ",74.62288135593221,",step_accuracy, ",72.0,",models, ","Counter({'MobileNet': 1, 'DenseNet121': 1, 'NASNetMobile': 1, 'Xception': 1, 'MobileNetV2': 1})",",",5,",",
"batchId ,",119.0,",overall_accuracy, ",74.63865546218487,",step_accuracy, ",76.5,",models, ","Counter({'MobileNet': 1, 'DenseNet121': 1, 'NASNetMobile': 1, 'Xception': 1, 'MobileNetV2': 1})",",",5,",",
"batchId ,",120.0,",overall_accuracy, ",74.65416666666667,",step_accuracy, ",76.5,",models, ","Counter({'MobileNet': 1, 'DenseNet121': 1, 'NASNetMobile': 1, 'Xception': 1, 'MobileNetV2': 1})",",",5,",",
"batchId ,",121.0,",overall_accuracy, ",74.67768595041322,",step_accuracy, ",77.5,",models, ","Counter({'MobileNet': 1, 'DenseNet121': 1, 'NASNetMobile': 1, 'Xception': 1, 'MobileNetV2': 1})",",",5,",",
"batchId ,",122.0,",overall_accuracy, ",74.67622950819673,",step_accuracy, ",74.5,",models, ","Counter({'MobileNet': 1, 'DenseNet121': 1, 'NASNetMobile': 1, 'Xception': 1, 'MobileNetV2': 1})",",",5,",",
"batchId ,",123.0,",overall_accuracy, ",74.66260162601625,",step_accuracy, ",73.0,",models, ","Counter({'MobileNet': 1, 'DenseNet121': 1, 'NASNetMobile': 1, 'Xception': 1, 'MobileNetV2': 1})",",",5,",",
"batchId ,",124.0,",overall_accuracy, ",74.6008064516129,",step_accuracy, ",67.0,",models, ","Counter({'MobileNet': 1, 'DenseNet121': 1, 'NASNetMobile': 1, 'Xception': 1, 'MobileNetV2': 1})",",",5,",",
"batchId ,",125.0,",overall_accuracy, ",74.58,",step_accuracy, ",72.0,",models, ","Counter({'MobileNet': 1, 'DenseNet121': 1, 'NASNetMobile': 1, 'Xception': 1, 'MobileNetV2': 1})",",",5,",",
"batchId ,",126.0,",overall_accuracy, ",74.55555555555556,",step_accuracy, ",71.5,",models, ","Counter({'MobileNet': 1, 'DenseNet121': 1, 'NASNetMobile': 1, 'Xception': 1, 'MobileNetV2': 1})",",",5,",",
"batchId ,",127.0,",overall_accuracy, ",74.53149606299213,",step_accuracy, ",71.5,",models, ","Counter({'MobileNet': 1, 'DenseNet121': 1, 'NASNetMobile': 1, 'Xception': 1, 'MobileNetV2': 1})",",",5,",",
"batchId ,",128.0,",overall_accuracy, ",74.51171875,",step_accuracy, ",72.0,",models, ","Counter({'MobileNet': 1, 'DenseNet121': 1, 'NASNetMobile': 1, 'Xception': 1, 'MobileNetV2': 1})",",",5,",",
"batchId ,",129.0,",overall_accuracy, ",74.4922480620155,",step_accuracy, ",72.0,",models, ","Counter({'MobileNet': 1, 'DenseNet121': 1, 'NASNetMobile': 1, 'Xception': 1, 'MobileNetV2': 1})",",",5,",",
"batchId ,",130.0,",overall_accuracy, ",74.51923076923077,",step_accuracy, ",78.0,",models, ","Counter({'MobileNet': 1, 'DenseNet121': 1, 'NASNetMobile': 1, 'Xception': 1, 'MobileNetV2': 1})",",",5,",",
"batchId ,",131.0,",overall_accuracy, ",74.51908396946565,",step_accuracy, ",74.5,",models, ","Counter({'MobileNet': 1, 'DenseNet121': 1, 'NASNetMobile': 1, 'Xception': 1, 'MobileNetV2': 1})",",",5,",",
"batchId ,",132.0,",overall_accuracy, ",74.5,",step_accuracy, ",72.0,",models, ","Counter({'MobileNet': 1, 'DenseNet121': 1, 'NASNetMobile': 1, 'Xception': 1, 'MobileNetV2': 1})",",",5,",",
"batchId ,",133.0,",overall_accuracy, ",74.45112781954887,",step_accuracy, ",68.0,",models, ","Counter({'MobileNet': 1, 'DenseNet121': 1, 'NASNetMobile': 1, 'Xception': 1, 'MobileNetV2': 1})",",",5,",",
"batchId ,",134.0,",overall_accuracy, ",74.4365671641791,",step_accuracy, ",72.5,",models, ","Counter({'MobileNet': 1, 'DenseNet121': 1, 'NASNetMobile': 1, 'Xception': 1, 'MobileNetV2': 1})",",",5,",",
"batchId ,",135.0,",overall_accuracy, ",74.42592592592592,",step_accuracy, ",73.0,",models, ","Counter({'MobileNet': 1, 'DenseNet121': 1, 'NASNetMobile': 1, 'Xception': 1, 'MobileNetV2': 1})",",",5,",",
"batchId ,",136.0,",overall_accuracy, ",74.4375,",step_accuracy, ",76.0,",models, ","Counter({'MobileNet': 1, 'DenseNet121': 1, 'NASNetMobile': 1, 'Xception': 1, 'MobileNetV2': 1})",",",5,",",
"batchId ,",137.0,",overall_accuracy, ",74.41970802919708,",step_accuracy, ",72.0,",models, ","Counter({'MobileNet': 1, 'DenseNet121': 1, 'NASNetMobile': 1, 'Xception': 1, 'MobileNetV2': 1})",",",5,",",
"batchId ,",138.0,",overall_accuracy, ",74.43478260869566,",step_accuracy, ",76.5,",models, ","Counter({'MobileNet': 1, 'DenseNet121': 1, 'NASNetMobile': 1, 'Xception': 1, 'MobileNetV2': 1})",",",5,",",
"batchId ,",139.0,",overall_accuracy, ",74.431654676259,",step_accuracy, ",74.0,",models, ","Counter({'MobileNet': 1, 'DenseNet121': 1, 'NASNetMobile': 1, 'Xception': 1, 'MobileNetV2': 1})",",",5,",",
"batchId ,",140.0,",overall_accuracy, ",74.46785714285714,",step_accuracy, ",79.5,",models, ","Counter({'MobileNet': 1, 'DenseNet121': 1, 'NASNetMobile': 1, 'Xception': 1, 'MobileNetV2': 1})",",",5,",",
"batchId ,",141.0,",overall_accuracy, ",74.47517730496453,",step_accuracy, ",75.5,",models, ","Counter({'MobileNet': 1, 'DenseNet121': 1, 'NASNetMobile': 1, 'Xception': 1, 'MobileNetV2': 1})",",",5,",",
"batchId ,",142.0,",overall_accuracy, ",74.44718309859155,",step_accuracy, ",70.5,",models, ","Counter({'MobileNet': 1, 'DenseNet121': 1, 'NASNetMobile': 1, 'Xception': 1, 'MobileNetV2': 1})",",",5,",",
"batchId ,",143.0,",overall_accuracy, ",74.44755244755244,",step_accuracy, ",74.5,",models, ","Counter({'MobileNet': 1, 'DenseNet121': 1, 'NASNetMobile': 1, 'Xception': 1, 'MobileNetV2': 1})",",",5,",",
"batchId ,",144.0,",overall_accuracy, ",74.44444444444444,",step_accuracy, ",74.0,",models, ","Counter({'MobileNet': 1, 'DenseNet121': 1, 'NASNetMobile': 1, 'Xception': 1, 'MobileNetV2': 1})",",",5,",",
"batchId ,",145.0,",overall_accuracy, ",74.44137931034483,",step_accuracy, ",74.0,",models, ","Counter({'MobileNet': 1, 'DenseNet121': 1, 'NASNetMobile': 1, 'Xception': 1, 'MobileNetV2': 1})",",",5,",",
"batchId ,",146.0,",overall_accuracy, ",74.44863013698631,",step_accuracy, ",75.5,",models, ","Counter({'MobileNet': 1, 'DenseNet121': 1, 'NASNetMobile': 1, 'Xception': 1, 'MobileNetV2': 1})",",",5,",",
"batchId ,",147.0,",overall_accuracy, ",74.4625850340136,",step_accuracy, ",76.5,",models, ","Counter({'MobileNet': 1, 'DenseNet121': 1, 'NASNetMobile': 1, 'Xception': 1, 'MobileNetV2': 1})",",",5,",",
"batchId ,",148.0,",overall_accuracy, ",74.44256756756756,",step_accuracy, ",71.5,",models, ","Counter({'MobileNet': 1, 'DenseNet121': 1, 'NASNetMobile': 1, 'Xception': 1, 'MobileNetV2': 1})",",",5,",",
"batchId ,",149.0,",overall_accuracy, ",74.43288590604027,",step_accuracy, ",73.0,",models, ","Counter({'MobileNet': 1, 'DenseNet121': 1, 'NASNetMobile': 1, 'Xception': 1, 'MobileNetV2': 1})",",",5,",",
"batchId ,",150.0,",overall_accuracy, ",74.42999999999999,",step_accuracy, ",74.0,",models, ","Counter({'MobileNet': 1, 'DenseNet121': 1, 'NASNetMobile': 1, 'Xception': 1, 'MobileNetV2': 1})",",",5,",",
"batchId ,",151.0,",overall_accuracy, ",74.44370860927152,",step_accuracy, ",76.5,",models, ","Counter({'MobileNet': 1, 'DenseNet121': 1, 'NASNetMobile': 1, 'Xception': 1, 'MobileNetV2': 1})",",",5,",",
"batchId ,",152.0,",overall_accuracy, ",74.43092105263159,",step_accuracy, ",72.5,",models, ","Counter({'MobileNet': 1, 'DenseNet121': 1, 'NASNetMobile': 1, 'Xception': 1, 'MobileNetV2': 1})",",",5,",",
"batchId ,",153.0,",overall_accuracy, ",74.44771241830065,",step_accuracy, ",77.0,",models, ","Counter({'MobileNet': 1, 'DenseNet121': 1, 'NASNetMobile': 1, 'Xception': 1, 'MobileNetV2': 1})",",",5,",",
"batchId ,",154.0,",overall_accuracy, ",74.44155844155844,",step_accuracy, ",73.5,",models, ","Counter({'MobileNet': 1, 'DenseNet121': 1, 'NASNetMobile': 1, 'Xception': 1, 'MobileNetV2': 1})",",",5,",",
"batchId ,",155.0,",overall_accuracy, ",74.42903225806452,",step_accuracy, ",72.5,",models, ","Counter({'MobileNet': 1, 'DenseNet121': 1, 'NASNetMobile': 1, 'Xception': 1, 'MobileNetV2': 1})",",",5,",",
"batchId ,",156.0,",overall_accuracy, ",74.42628205128206,",step_accuracy, ",74.0,",models, ","Counter({'MobileNet': 1, 'DenseNet121': 1, 'NASNetMobile': 1, 'Xception': 1, 'MobileNetV2': 1})",",",5,",",
"batchId ,",157.0,",overall_accuracy, ",74.43949044585987,",step_accuracy, ",76.5,",models, ","Counter({'MobileNet': 1, 'DenseNet121': 1, 'NASNetMobile': 1, 'Xception': 1, 'MobileNetV2': 1})",",",5,",",
"batchId ,",158.0,",overall_accuracy, ",74.45886075949367,",step_accuracy, ",77.5,",models, ","Counter({'MobileNet': 1, 'DenseNet121': 1, 'NASNetMobile': 1, 'Xception': 1, 'MobileNetV2': 1})",",",5,",",
"batchId ,",159.0,",overall_accuracy, ",74.45911949685534,",step_accuracy, ",74.5,",models, ","Counter({'MobileNet': 1, 'DenseNet121': 1, 'NASNetMobile': 1, 'Xception': 1, 'MobileNetV2': 1})",",",5,",",
"batchId ,",160.0,",overall_accuracy, ",74.471875,",step_accuracy, ",76.5,",models, ","Counter({'MobileNet': 1, 'DenseNet121': 1, 'NASNetMobile': 1, 'Xception': 1, 'MobileNetV2': 1})",",",5,",",
"batchId ,",161.0,",overall_accuracy, ",74.41925465838509,",step_accuracy, ",66.0,",models, ","Counter({'MobileNet': 1, 'DenseNet121': 1, 'NASNetMobile': 1, 'Xception': 1, 'MobileNetV2': 1})",",",5,",",
"batchId ,",162.0,",overall_accuracy, ",74.46296296296296,",step_accuracy, ",81.5,",models, ","Counter({'MobileNet': 1, 'DenseNet121': 1, 'NASNetMobile': 1, 'Xception': 1, 'MobileNetV2': 1})",",",5,",",
"batchId ,",163.0,",overall_accuracy, ",74.45705521472392,",step_accuracy, ",73.5,",models, ","Counter({'MobileNet': 1, 'DenseNet121': 1, 'NASNetMobile': 1, 'Xception': 1, 'MobileNetV2': 1})",",",5,",",
"batchId ,",164.0,",overall_accuracy, ",74.42987804878048,",step_accuracy, ",70.0,",models, ","Counter({'MobileNet': 1, 'DenseNet121': 1, 'NASNetMobile': 1, 'Xception': 1, 'MobileNetV2': 1})",",",5,",",
"batchId ,",165.0,",overall_accuracy, ",74.44242424242424,",step_accuracy, ",76.5,",models, ","Counter({'MobileNet': 1, 'DenseNet121': 1, 'NASNetMobile': 1, 'Xception': 1, 'MobileNetV2': 1})",",",5,",",
"batchId ,",166.0,",overall_accuracy, ",74.44578313253012,",step_accuracy, ",75.0,",models, ","Counter({'MobileNet': 1, 'DenseNet121': 1, 'NASNetMobile': 1, 'Xception': 1, 'MobileNetV2': 1})",",",5,",",
"batchId ,",167.0,",overall_accuracy, ",74.45808383233533,",step_accuracy, ",76.5,",models, ","Counter({'MobileNet': 1, 'DenseNet121': 1, 'NASNetMobile': 1, 'Xception': 1, 'MobileNetV2': 1})",",",5,",",
"batchId ,",168.0,",overall_accuracy, ",74.47321428571428,",step_accuracy, ",77.0,",models, ","Counter({'MobileNet': 1, 'DenseNet121': 1, 'NASNetMobile': 1, 'Xception': 1, 'MobileNetV2': 1})",",",5,",",
"batchId ,",169.0,",overall_accuracy, ",74.5207100591716,",step_accuracy, ",82.5,",models, ","Counter({'MobileNet': 1, 'DenseNet121': 1, 'NASNetMobile': 1, 'Xception': 1, 'MobileNetV2': 1})",",",5,",",
"batchId ,",170.0,",overall_accuracy, ",74.55294117647058,",step_accuracy, ",80.0,",models, ","Counter({'MobileNet': 1, 'DenseNet121': 1, 'NASNetMobile': 1, 'Xception': 1, 'MobileNetV2': 1})",",",5,",",
"batchId ,",171.0,",overall_accuracy, ",74.54385964912281,",step_accuracy, ",73.0,",models, ","Counter({'MobileNet': 1, 'DenseNet121': 1, 'NASNetMobile': 1, 'Xception': 1, 'MobileNetV2': 1})",",",5,",",
"batchId ,",172.0,",overall_accuracy, ",74.54069767441861,",step_accuracy, ",74.0,",models, ","Counter({'MobileNet': 1, 'DenseNet121': 1, 'NASNetMobile': 1, 'Xception': 1, 'MobileNetV2': 1})",",",5,",",
"batchId ,",173.0,",overall_accuracy, ",74.54046242774567,",step_accuracy, ",74.5,",models, ","Counter({'MobileNet': 1, 'DenseNet121': 1, 'NASNetMobile': 1, 'Xception': 1, 'MobileNetV2': 1})",",",5,",",
"batchId ,",174.0,",overall_accuracy, ",74.52873563218391,",step_accuracy, ",72.5,",models, ","Counter({'MobileNet': 1, 'DenseNet121': 1, 'NASNetMobile': 1, 'Xception': 1, 'MobileNetV2': 1})",",",5,",",
"batchId ,",175.0,",overall_accuracy, ",74.53142857142858,",step_accuracy, ",75.0,",models, ","Counter({'MobileNet': 1, 'DenseNet121': 1, 'NASNetMobile': 1, 'Xception': 1, 'MobileNetV2': 1})",",",5,",",
"batchId ,",176.0,",overall_accuracy, ",74.5028409090909,",step_accuracy, ",69.5,",models, ","Counter({'MobileNet': 1, 'DenseNet121': 1, 'NASNetMobile': 1, 'Xception': 1, 'MobileNetV2': 1})",",",5,",",
"batchId ,",177.0,",overall_accuracy, ",74.53389830508475,",step_accuracy, ",80.0,",models, ","Counter({'MobileNet': 1, 'DenseNet121': 1, 'NASNetMobile': 1, 'Xception': 1, 'MobileNetV2': 1})",",",5,",",
"batchId ,",178.0,",overall_accuracy, ",74.53651685393258,",step_accuracy, ",75.0,",models, ","Counter({'MobileNet': 1, 'DenseNet121': 1, 'NASNetMobile': 1, 'Xception': 1, 'MobileNetV2': 1})",",",5,",",
"batchId ,",179.0,",overall_accuracy, ",74.53072625698324,",step_accuracy, ",73.5,",models, ","Counter({'MobileNet': 1, 'DenseNet121': 1, 'NASNetMobile': 1, 'Xception': 1, 'MobileNetV2': 1})",",",5,",",
"batchId ,",180.0,",overall_accuracy, ",74.52499999999999,",step_accuracy, ",73.5,",models, ","Counter({'MobileNet': 1, 'DenseNet121': 1, 'NASNetMobile': 1, 'Xception': 1, 'MobileNetV2': 1})",",",5,",",
"batchId ,",181.0,",overall_accuracy, ",74.52762430939227,",step_accuracy, ",75.0,",models, ","Counter({'MobileNet': 1, 'DenseNet121': 1, 'NASNetMobile': 1, 'Xception': 1, 'MobileNetV2': 1})",",",5,",",
"batchId ,",182.0,",overall_accuracy, ",74.52747252747253,",step_accuracy, ",74.5,",models, ","Counter({'MobileNet': 1, 'DenseNet121': 1, 'NASNetMobile': 1, 'Xception': 1, 'MobileNetV2': 1})",",",5,",",
"batchId ,",183.0,",overall_accuracy, ",74.53551912568305,",step_accuracy, ",76.0,",models, ","Counter({'MobileNet': 1, 'DenseNet121': 1, 'NASNetMobile': 1, 'Xception': 1, 'MobileNetV2': 1})",",",5,",",
"batchId ,",184.0,",overall_accuracy, ",74.52717391304347,",step_accuracy, ",73.0,",models, ","Counter({'MobileNet': 1, 'DenseNet121': 1, 'NASNetMobile': 1, 'Xception': 1, 'MobileNetV2': 1})",",",5,",",
"batchId ,",185.0,",overall_accuracy, ",74.5027027027027,",step_accuracy, ",70.0,",models, ","Counter({'MobileNet': 1, 'DenseNet121': 1, 'NASNetMobile': 1, 'Xception': 1, 'MobileNetV2': 1})",",",5,",",
"batchId ,",186.0,",overall_accuracy, ",74.51612903225806,",step_accuracy, ",77.0,",models, ","Counter({'MobileNet': 1, 'DenseNet121': 1, 'NASNetMobile': 1, 'Xception': 1, 'MobileNetV2': 1})",",",5,",",
"batchId ,",187.0,",overall_accuracy, ",74.51871657754012,",step_accuracy, ",75.0,",models, ","Counter({'MobileNet': 1, 'DenseNet121': 1, 'NASNetMobile': 1, 'Xception': 1, 'MobileNetV2': 1})",",",5,",",
"batchId ,",188.0,",overall_accuracy, ",74.51329787234042,",step_accuracy, ",73.5,",models, ","Counter({'MobileNet': 1, 'DenseNet121': 1, 'NASNetMobile': 1, 'Xception': 1, 'MobileNetV2': 1})",",",5,",",
"batchId ,",189.0,",overall_accuracy, ",74.54232804232804,",step_accuracy, ",80.0,",models, ","Counter({'MobileNet': 1, 'DenseNet121': 1, 'NASNetMobile': 1, 'Xception': 1, 'MobileNetV2': 1})",",",5,",",
"batchId ,",190.0,",overall_accuracy, ",74.54736842105262,",step_accuracy, ",75.5,",models, ","Counter({'MobileNet': 1, 'DenseNet121': 1, 'NASNetMobile': 1, 'Xception': 1, 'MobileNetV2': 1})",",",5,",",
"batchId ,",191.0,",overall_accuracy, ",74.54973821989529,",step_accuracy, ",75.0,",models, ","Counter({'MobileNet': 1, 'DenseNet121': 1, 'NASNetMobile': 1, 'Xception': 1, 'MobileNetV2': 1})",",",5,",",
"batchId ,",192.0,",overall_accuracy, ",74.5234375,",step_accuracy, ",69.5,",models, ","Counter({'MobileNet': 1, 'DenseNet121': 1, 'NASNetMobile': 1, 'Xception': 1, 'MobileNetV2': 1})",",",5,",",
"batchId ,",193.0,",overall_accuracy, ",74.50518134715026,",step_accuracy, ",71.0,",models, ","Counter({'MobileNet': 1, 'DenseNet121': 1, 'NASNetMobile': 1, 'Xception': 1, 'MobileNetV2': 1})",",",5,",",
"batchId ,",194.0,",overall_accuracy, ",74.48969072164948,",step_accuracy, ",71.5,",models, ","Counter({'MobileNet': 1, 'DenseNet121': 1, 'NASNetMobile': 1, 'Xception': 1, 'MobileNetV2': 1})",",",5,",",
"batchId ,",195.0,",overall_accuracy, ",74.51538461538462,",step_accuracy, ",79.5,",models, ","Counter({'MobileNet': 1, 'DenseNet121': 1, 'NASNetMobile': 1, 'Xception': 1, 'MobileNetV2': 1})",",",5,",",
"batchId ,",196.0,",overall_accuracy, ",74.52295918367346,",step_accuracy, ",76.0,",models, ","Counter({'MobileNet': 1, 'DenseNet121': 1, 'NASNetMobile': 1, 'Xception': 1, 'MobileNetV2': 1})",",",5,",",
"batchId ,",197.0,",overall_accuracy, ",74.52030456852792,",step_accuracy, ",74.0,",models, ","Counter({'MobileNet': 1, 'DenseNet121': 1, 'NASNetMobile': 1, 'Xception': 1, 'MobileNetV2': 1})",",",5,",",
"batchId ,",198.0,",overall_accuracy, ",74.5050505050505,",step_accuracy, ",71.5,",models, ","Counter({'MobileNet': 1, 'DenseNet121': 1, 'NASNetMobile': 1, 'Xception': 1, 'MobileNetV2': 1})",",",5,",",
"batchId ,",199.0,",overall_accuracy, ",74.50251256281408,",step_accuracy, ",74.0,",models, ","Counter({'MobileNet': 1, 'DenseNet121': 1, 'NASNetMobile': 1, 'Xception': 1, 'MobileNetV2': 1})",",",5,",",
"batchId ,",200.0,",overall_accuracy, ",74.515,",step_accuracy, ",77.0,",models, ","Counter({'MobileNet': 1, 'DenseNet121': 1, 'NASNetMobile': 1, 'Xception': 1, 'MobileNetV2': 1})",",",5,",",
"batchId ,",201.0,",overall_accuracy, ",74.50995024875621,",step_accuracy, ",73.5,",models, ","Counter({'MobileNet': 1, 'DenseNet121': 1, 'NASNetMobile': 1, 'Xception': 1, 'MobileNetV2': 1})",",",5,",",
"batchId ,",202.0,",overall_accuracy, ",74.5,",step_accuracy, ",72.5,",models, ","Counter({'MobileNet': 1, 'DenseNet121': 1, 'NASNetMobile': 1, 'Xception': 1, 'MobileNetV2': 1})",",",5,",",
"batchId ,",203.0,",overall_accuracy, ",74.48275862068967,",step_accuracy, ",71.0,",models, ","Counter({'MobileNet': 1, 'DenseNet121': 1, 'NASNetMobile': 1, 'Xception': 1, 'MobileNetV2': 1})",",",5,",",
"batchId ,",204.0,",overall_accuracy, ",74.5,",step_accuracy, ",78.0,",models, ","Counter({'MobileNet': 1, 'DenseNet121': 1, 'NASNetMobile': 1, 'Xception': 1, 'MobileNetV2': 1})",",",5,",",
"batchId ,",205.0,",overall_accuracy, ",74.49512195121952,",step_accuracy, ",73.5,",models, ","Counter({'MobileNet': 1, 'DenseNet121': 1, 'NASNetMobile': 1, 'Xception': 1, 'MobileNetV2': 1})",",",5,",",
"batchId ,",206.0,",overall_accuracy, ",74.48300970873787,",step_accuracy, ",72.0,",models, ","Counter({'MobileNet': 1, 'DenseNet121': 1, 'NASNetMobile': 1, 'Xception': 1, 'MobileNetV2': 1})",",",5,",",
"batchId ,",207.0,",overall_accuracy, ",74.48550724637681,",step_accuracy, ",75.0,",models, ","Counter({'MobileNet': 1, 'DenseNet121': 1, 'NASNetMobile': 1, 'Xception': 1, 'MobileNetV2': 1})",",",5,",",
"batchId ,",208.0,",overall_accuracy, ",74.4735576923077,",step_accuracy, ",72.0,",models, ","Counter({'MobileNet': 1, 'DenseNet121': 1, 'NASNetMobile': 1, 'Xception': 1, 'MobileNetV2': 1})",",",5,",",
"batchId ,",209.0,",overall_accuracy, ",74.48325358851675,",step_accuracy, ",76.5,",models, ","Counter({'MobileNet': 1, 'DenseNet121': 1, 'NASNetMobile': 1, 'Xception': 1, 'MobileNetV2': 1})",",",5,",",
"batchId ,",210.0,",overall_accuracy, ",74.47142857142856,",step_accuracy, ",72.0,",models, ","Counter({'MobileNet': 1, 'DenseNet121': 1, 'NASNetMobile': 1, 'Xception': 1, 'MobileNetV2': 1})",",",5,",",
"batchId ,",211.0,",overall_accuracy, ",74.45734597156398,",step_accuracy, ",71.5,",models, ","Counter({'MobileNet': 1, 'DenseNet121': 1, 'NASNetMobile': 1, 'Xception': 1, 'MobileNetV2': 1})",",",5,",",
"batchId ,",212.0,",overall_accuracy, ",74.46933962264151,",step_accuracy, ",77.0,",models, ","Counter({'MobileNet': 1, 'DenseNet121': 1, 'NASNetMobile': 1, 'Xception': 1, 'MobileNetV2': 1})",",",5,",",
"batchId ,",213.0,",overall_accuracy, ",74.46009389671362,",step_accuracy, ",72.5,",models, ","Counter({'MobileNet': 1, 'DenseNet121': 1, 'NASNetMobile': 1, 'Xception': 1, 'MobileNetV2': 1})",",",5,",",
"batchId ,",214.0,",overall_accuracy, ",74.4766355140187,",step_accuracy, ",78.0,",models, ","Counter({'MobileNet': 1, 'DenseNet121': 1, 'NASNetMobile': 1, 'Xception': 1, 'MobileNetV2': 1})",",",5,",",
"batchId ,",215.0,",overall_accuracy, ",74.46744186046512,",step_accuracy, ",72.5,",models, ","Counter({'MobileNet': 1, 'DenseNet121': 1, 'NASNetMobile': 1, 'Xception': 1, 'MobileNetV2': 1})",",",5,",",
"batchId ,",216.0,",overall_accuracy, ",74.47453703703704,",step_accuracy, ",76.0,",models, ","Counter({'MobileNet': 1, 'DenseNet121': 1, 'NASNetMobile': 1, 'Xception': 1, 'MobileNetV2': 1})",",",5,",",
"batchId ,",217.0,",overall_accuracy, ",74.48617511520737,",step_accuracy, ",77.0,",models, ","Counter({'MobileNet': 1, 'DenseNet121': 1, 'NASNetMobile': 1, 'Xception': 1, 'MobileNetV2': 1})",",",5,",",
"batchId ,",218.0,",overall_accuracy, ",74.4770642201835,",step_accuracy, ",72.5,",models, ","Counter({'MobileNet': 1, 'DenseNet121': 1, 'NASNetMobile': 1, 'Xception': 1, 'MobileNetV2': 1})",",",5,",",
"batchId ,",219.0,",overall_accuracy, ",74.50228310502283,",step_accuracy, ",80.0,",models, ","Counter({'MobileNet': 1, 'DenseNet121': 1, 'NASNetMobile': 1, 'Xception': 1, 'MobileNetV2': 1})",",",5,",",
"batchId ,",220.0,",overall_accuracy, ",74.50909090909092,",step_accuracy, ",76.0,",models, ","Counter({'MobileNet': 1, 'DenseNet121': 1, 'NASNetMobile': 1, 'Xception': 1, 'MobileNetV2': 1})",",",5,",",
"batchId ,",221.0,",overall_accuracy, ",74.49321266968326,",step_accuracy, ",71.0,",models, ","Counter({'MobileNet': 1, 'DenseNet121': 1, 'NASNetMobile': 1, 'Xception': 1, 'MobileNetV2': 1})",",",5,",",
"batchId ,",222.0,",overall_accuracy, ",74.50675675675676,",step_accuracy, ",77.5,",models, ","Counter({'MobileNet': 1, 'DenseNet121': 1, 'NASNetMobile': 1, 'Xception': 1, 'MobileNetV2': 1})",",",5,",",
"batchId ,",223.0,",overall_accuracy, ",74.48878923766816,",step_accuracy, ",70.5,",models, ","Counter({'MobileNet': 1, 'DenseNet121': 1, 'NASNetMobile': 1, 'Xception': 1, 'MobileNetV2': 1})",",",5,",",
"batchId ,",224.0,",overall_accuracy, ",74.47098214285714,",step_accuracy, ",70.5,",models, ","Counter({'MobileNet': 1, 'DenseNet121': 1, 'NASNetMobile': 1, 'Xception': 1, 'MobileNetV2': 1})",",",5,",",
"batchId ,",225.0,",overall_accuracy, ",74.47111111111111,",step_accuracy, ",74.5,",models, ","Counter({'MobileNet': 1, 'DenseNet121': 1, 'NASNetMobile': 1, 'Xception': 1, 'MobileNetV2': 1})",",",5,",",
"batchId ,",226.0,",overall_accuracy, ",74.46681415929204,",step_accuracy, ",73.5,",models, ","Counter({'MobileNet': 1, 'DenseNet121': 1, 'NASNetMobile': 1, 'Xception': 1, 'MobileNetV2': 1})",",",5,",",
"batchId ,",227.0,",overall_accuracy, ",74.48017621145374,",step_accuracy, ",77.5,",models, ","Counter({'MobileNet': 1, 'DenseNet121': 1, 'NASNetMobile': 1, 'Xception': 1, 'MobileNetV2': 1})",",",5,",",
"batchId ,",228.0,",overall_accuracy, ",74.48464912280703,",step_accuracy, ",75.5,",models, ","Counter({'MobileNet': 1, 'DenseNet121': 1, 'NASNetMobile': 1, 'Xception': 1, 'MobileNetV2': 1})",",",5,",",
"batchId ,",229.0,",overall_accuracy, ",74.47816593886462,",step_accuracy, ",73.0,",models, ","Counter({'MobileNet': 1, 'DenseNet121': 1, 'NASNetMobile': 1, 'Xception': 1, 'MobileNetV2': 1})",",",5,",",
"batchId ,",230.0,",overall_accuracy, ",74.49130434782609,",step_accuracy, ",77.5,",models, ","Counter({'MobileNet': 1, 'DenseNet121': 1, 'NASNetMobile': 1, 'Xception': 1, 'MobileNetV2': 1})",",",5,",",
"batchId ,",231.0,",overall_accuracy, ",74.48268398268398,",step_accuracy, ",72.5,",models, ","Counter({'MobileNet': 1, 'DenseNet121': 1, 'NASNetMobile': 1, 'Xception': 1, 'MobileNetV2': 1})",",",5,",",
"batchId ,",232.0,",overall_accuracy, ",74.48060344827586,",step_accuracy, ",74.0,",models, ","Counter({'MobileNet': 1, 'DenseNet121': 1, 'NASNetMobile': 1, 'Xception': 1, 'MobileNetV2': 1})",",",5,",",
"batchId ,",233.0,",overall_accuracy, ",74.49141630901288,",step_accuracy, ",77.0,",models, ","Counter({'MobileNet': 1, 'DenseNet121': 1, 'NASNetMobile': 1, 'Xception': 1, 'MobileNetV2': 1})",",",5,",",
"batchId ,",234.0,",overall_accuracy, ",74.49358974358974,",step_accuracy, ",75.0,",models, ","Counter({'MobileNet': 1, 'DenseNet121': 1, 'NASNetMobile': 1, 'Xception': 1, 'MobileNetV2': 1})",",",5,",",
"batchId ,",235.0,",overall_accuracy, ",74.49787234042553,",step_accuracy, ",75.5,",models, ","Counter({'MobileNet': 1, 'DenseNet121': 1, 'NASNetMobile': 1, 'Xception': 1, 'MobileNetV2': 1})",",",5,",",
"batchId ,",236.0,",overall_accuracy, ",74.50211864406779,",step_accuracy, ",75.5,",models, ","Counter({'MobileNet': 1, 'DenseNet121': 1, 'NASNetMobile': 1, 'Xception': 1, 'MobileNetV2': 1})",",",5,",",
"batchId ,",237.0,",overall_accuracy, ",74.51476793248946,",step_accuracy, ",77.5,",models, ","Counter({'MobileNet': 1, 'DenseNet121': 1, 'NASNetMobile': 1, 'Xception': 1, 'MobileNetV2': 1})",",",5,",",
"batchId ,",238.0,",overall_accuracy, ",74.49789915966386,",step_accuracy, ",70.5,",models, ","Counter({'MobileNet': 1, 'DenseNet121': 1, 'NASNetMobile': 1, 'Xception': 1, 'MobileNetV2': 1})",",",5,",",
"batchId ,",239.0,",overall_accuracy, ",74.5020920502092,",step_accuracy, ",75.5,",models, ","Counter({'MobileNet': 1, 'DenseNet121': 1, 'NASNetMobile': 1, 'Xception': 1, 'MobileNetV2': 1})",",",5,",",
"batchId ,",240.0,",overall_accuracy, ",74.47916666666666,",step_accuracy, ",69.0,",models, ","Counter({'MobileNet': 1, 'DenseNet121': 1, 'NASNetMobile': 1, 'Xception': 1, 'MobileNetV2': 1})",",",5,",",
"batchId ,",241.0,",overall_accuracy, ",74.47717842323651,",step_accuracy, ",74.0,",models, ","Counter({'MobileNet': 1, 'DenseNet121': 1, 'NASNetMobile': 1, 'Xception': 1, 'MobileNetV2': 1})",",",5,",",
"batchId ,",242.0,",overall_accuracy, ",74.46694214876032,",step_accuracy, ",72.0,",models, ","Counter({'MobileNet': 1, 'DenseNet121': 1, 'NASNetMobile': 1, 'Xception': 1, 'MobileNetV2': 1})",",",5,",",
"batchId ,",243.0,",overall_accuracy, ",74.47119341563786,",step_accuracy, ",75.5,",models, ","Counter({'MobileNet': 1, 'DenseNet121': 1, 'NASNetMobile': 1, 'Xception': 1, 'MobileNetV2': 1})",",",5,",",
"batchId ,",244.0,",overall_accuracy, ",74.47336065573771,",step_accuracy, ",75.0,",models, ","Counter({'MobileNet': 1, 'DenseNet121': 1, 'NASNetMobile': 1, 'Xception': 1, 'MobileNetV2': 1})",",",5,",",
"batchId ,",245.0,",overall_accuracy, ",74.48163265306123,",step_accuracy, ",76.5,",models, ","Counter({'MobileNet': 1, 'DenseNet121': 1, 'NASNetMobile': 1, 'Xception': 1, 'MobileNetV2': 1})",",",5,",",
"batchId ,",246.0,",overall_accuracy, ",74.48983739837398,",step_accuracy, ",76.5,",models, ","Counter({'MobileNet': 1, 'DenseNet121': 1, 'NASNetMobile': 1, 'Xception': 1, 'MobileNetV2': 1})",",",5,",",
"batchId ,",247.0,",overall_accuracy, ",74.47975708502025,",step_accuracy, ",72.0,",models, ","Counter({'MobileNet': 1, 'DenseNet121': 1, 'NASNetMobile': 1, 'Xception': 1, 'MobileNetV2': 1})",",",5,",",
"batchId ,",248.0,",overall_accuracy, ",74.46572580645162,",step_accuracy, ",71.0,",models, ","Counter({'MobileNet': 1, 'DenseNet121': 1, 'NASNetMobile': 1, 'Xception': 1, 'MobileNetV2': 1})",",",5,",",
"batchId ,",249.0,",overall_accuracy, ",74.48192771084338,",step_accuracy, ",78.5,",models, ","Counter({'MobileNet': 1, 'DenseNet121': 1, 'NASNetMobile': 1, 'Xception': 1, 'MobileNetV2': 1})",",",5,",",
"batchId ,",250.0,",overall_accuracy, ",74.476,",step_accuracy, ",73.0,",models, ","Counter({'MobileNet': 1, 'DenseNet121': 1, 'NASNetMobile': 1, 'Xception': 1, 'MobileNetV2': 1})",",",5,",",
