"batchId ,",1.0,",overall_accuracy, ",78.5,",step_accuracy, ",78.5,",models, ","Counter({'Xception': 1, 'NASNetMobile': 1, 'DenseNet121': 1, 'InceptionResNetV2': 1, 'DenseNet201': 1})",",",5,",",
"batchId ,",2.0,",overall_accuracy, ",78.75,",step_accuracy, ",79.0,",models, ","Counter({'Xception': 1, 'NASNetMobile': 1, 'DenseNet121': 1, 'InceptionResNetV2': 1, 'DenseNet201': 1})",",",5,",",
"batchId ,",3.0,",overall_accuracy, ",79.33333333333333,",step_accuracy, ",80.5,",models, ","Counter({'Xception': 1, 'NASNetMobile': 1, 'DenseNet121': 1, 'InceptionResNetV2': 1, 'DenseNet201': 1})",",",5,",",
"batchId ,",4.0,",overall_accuracy, ",77.125,",step_accuracy, ",70.5,",models, ","Counter({'Xception': 1, 'NASNetMobile': 1, 'DenseNet121': 1, 'InceptionResNetV2': 1, 'DenseNet201': 1})",",",5,",",
"batchId ,",5.0,",overall_accuracy, ",77.5,",step_accuracy, ",79.0,",models, ","Counter({'Xception': 1, 'NASNetMobile': 1, 'DenseNet121': 1, 'InceptionResNetV2': 1, 'DenseNet201': 1})",",",5,",",
"batchId ,",6.0,",overall_accuracy, ",76.58333333333334,",step_accuracy, ",72.0,",models, ","Counter({'Xception': 1, 'NASNetMobile': 1, 'DenseNet121': 1, 'InceptionResNetV2': 1, 'DenseNet201': 1})",",",5,",",
"batchId ,",7.0,",overall_accuracy, ",75.92857142857142,",step_accuracy, ",72.0,",models, ","Counter({'Xception': 1, 'NASNetMobile': 1, 'DenseNet121': 1, 'InceptionResNetV2': 1, 'DenseNet201': 1})",",",5,",",
"batchId ,",8.0,",overall_accuracy, ",76.25,",step_accuracy, ",78.5,",models, ","Counter({'Xception': 1, 'NASNetMobile': 1, 'DenseNet121': 1, 'InceptionResNetV2': 1, 'DenseNet201': 1})",",",5,",",
"batchId ,",9.0,",overall_accuracy, ",77.0,",step_accuracy, ",83.0,",models, ","Counter({'Xception': 1, 'NASNetMobile': 1, 'DenseNet121': 1, 'InceptionResNetV2': 1, 'DenseNet201': 1})",",",5,",",
"batchId ,",10.0,",overall_accuracy, ",76.8,",step_accuracy, ",75.0,",models, ","Counter({'Xception': 1, 'NASNetMobile': 1, 'DenseNet121': 1, 'InceptionResNetV2': 1, 'DenseNet201': 1})",",",5,",",
"batchId ,",11.0,",overall_accuracy, ",76.72727272727272,",step_accuracy, ",76.0,",models, ","Counter({'Xception': 1, 'NASNetMobile': 1, 'DenseNet121': 1, 'InceptionResNetV2': 1, 'DenseNet201': 1})",",",5,",",
"batchId ,",12.0,",overall_accuracy, ",76.33333333333333,",step_accuracy, ",72.0,",models, ","Counter({'Xception': 1, 'NASNetMobile': 1, 'DenseNet121': 1, 'InceptionResNetV2': 1, 'DenseNet201': 1})",",",5,",",
"batchId ,",13.0,",overall_accuracy, ",76.34615384615384,",step_accuracy, ",76.5,",models, ","Counter({'Xception': 1, 'NASNetMobile': 1, 'DenseNet121': 1, 'InceptionResNetV2': 1, 'DenseNet201': 1})",",",5,",",
"batchId ,",14.0,",overall_accuracy, ",75.85714285714286,",step_accuracy, ",69.5,",models, ","Counter({'Xception': 1, 'NASNetMobile': 1, 'DenseNet121': 1, 'InceptionResNetV2': 1, 'DenseNet201': 1})",",",5,",",
"batchId ,",15.0,",overall_accuracy, ",75.93333333333334,",step_accuracy, ",77.0,",models, ","Counter({'Xception': 1, 'NASNetMobile': 1, 'DenseNet121': 1, 'InceptionResNetV2': 1, 'DenseNet201': 1})",",",5,",",
"batchId ,",16.0,",overall_accuracy, ",75.625,",step_accuracy, ",71.0,",models, ","Counter({'Xception': 1, 'NASNetMobile': 1, 'DenseNet121': 1, 'InceptionResNetV2': 1, 'DenseNet201': 1})",",",5,",",
"batchId ,",17.0,",overall_accuracy, ",75.79411764705883,",step_accuracy, ",78.5,",models, ","Counter({'Xception': 1, 'NASNetMobile': 1, 'DenseNet121': 1, 'InceptionResNetV2': 1, 'DenseNet201': 1})",",",5,",",
"batchId ,",18.0,",overall_accuracy, ",75.44444444444444,",step_accuracy, ",69.5,",models, ","Counter({'Xception': 1, 'NASNetMobile': 1, 'DenseNet121': 1, 'InceptionResNetV2': 1, 'DenseNet201': 1})",",",5,",",
"batchId ,",19.0,",overall_accuracy, ",75.47368421052632,",step_accuracy, ",76.0,",models, ","Counter({'Xception': 1, 'NASNetMobile': 1, 'DenseNet121': 1, 'InceptionResNetV2': 1, 'DenseNet201': 1})",",",5,",",
"batchId ,",20.0,",overall_accuracy, ",75.425,",step_accuracy, ",74.5,",models, ","Counter({'Xception': 1, 'NASNetMobile': 1, 'DenseNet121': 1, 'InceptionResNetV2': 1, 'DenseNet201': 1})",",",5,",",
"batchId ,",21.0,",overall_accuracy, ",75.61904761904762,",step_accuracy, ",79.5,",models, ","Counter({'Xception': 1, 'NASNetMobile': 1, 'DenseNet121': 1, 'InceptionResNetV2': 1, 'DenseNet201': 1})",",",5,",",
"batchId ,",22.0,",overall_accuracy, ",75.31818181818181,",step_accuracy, ",69.0,",models, ","Counter({'Xception': 1, 'NASNetMobile': 1, 'DenseNet121': 1, 'InceptionResNetV2': 1, 'DenseNet201': 1})",",",5,",",
"batchId ,",23.0,",overall_accuracy, ",75.5,",step_accuracy, ",79.5,",models, ","Counter({'Xception': 1, 'NASNetMobile': 1, 'DenseNet121': 1, 'InceptionResNetV2': 1, 'DenseNet201': 1})",",",5,",",
"batchId ,",24.0,",overall_accuracy, ",75.5,",step_accuracy, ",75.5,",models, ","Counter({'Xception': 1, 'NASNetMobile': 1, 'DenseNet121': 1, 'InceptionResNetV2': 1, 'DenseNet201': 1})",",",5,",",
"batchId ,",25.0,",overall_accuracy, ",75.52,",step_accuracy, ",76.0,",models, ","Counter({'Xception': 1, 'NASNetMobile': 1, 'DenseNet121': 1, 'InceptionResNetV2': 1, 'DenseNet201': 1})",",",5,",",
"batchId ,",26.0,",overall_accuracy, ",75.63461538461539,",step_accuracy, ",78.5,",models, ","Counter({'Xception': 1, 'NASNetMobile': 1, 'DenseNet121': 1, 'InceptionResNetV2': 1, 'DenseNet201': 1})",",",5,",",
"batchId ,",27.0,",overall_accuracy, ",75.75925925925927,",step_accuracy, ",79.0,",models, ","Counter({'Xception': 1, 'NASNetMobile': 1, 'DenseNet121': 1, 'InceptionResNetV2': 1, 'DenseNet201': 1})",",",5,",",
"batchId ,",28.0,",overall_accuracy, ",75.60714285714286,",step_accuracy, ",71.5,",models, ","Counter({'Xception': 1, 'NASNetMobile': 1, 'DenseNet121': 1, 'InceptionResNetV2': 1, 'DenseNet201': 1})",",",5,",",
"batchId ,",29.0,",overall_accuracy, ",75.6896551724138,",step_accuracy, ",78.0,",models, ","Counter({'Xception': 1, 'NASNetMobile': 1, 'DenseNet121': 1, 'InceptionResNetV2': 1, 'DenseNet201': 1})",",",5,",",
"batchId ,",30.0,",overall_accuracy, ",75.56666666666668,",step_accuracy, ",72.0,",models, ","Counter({'Xception': 1, 'NASNetMobile': 1, 'DenseNet121': 1, 'InceptionResNetV2': 1, 'DenseNet201': 1})",",",5,",",
"batchId ,",31.0,",overall_accuracy, ",75.51612903225806,",step_accuracy, ",74.0,",models, ","Counter({'Xception': 1, 'NASNetMobile': 1, 'DenseNet121': 1, 'InceptionResNetV2': 1, 'DenseNet201': 1})",",",5,",",
"batchId ,",32.0,",overall_accuracy, ",75.40625,",step_accuracy, ",72.0,",models, ","Counter({'Xception': 1, 'NASNetMobile': 1, 'DenseNet121': 1, 'InceptionResNetV2': 1, 'DenseNet201': 1})",",",5,",",
"batchId ,",33.0,",overall_accuracy, ",75.40909090909092,",step_accuracy, ",75.5,",models, ","Counter({'Xception': 1, 'NASNetMobile': 1, 'DenseNet121': 1, 'InceptionResNetV2': 1, 'DenseNet201': 1})",",",5,",",
"batchId ,",34.0,",overall_accuracy, ",75.41176470588236,",step_accuracy, ",75.5,",models, ","Counter({'Xception': 1, 'NASNetMobile': 1, 'DenseNet121': 1, 'InceptionResNetV2': 1, 'DenseNet201': 1})",",",5,",",
"batchId ,",35.0,",overall_accuracy, ",75.4,",step_accuracy, ",75.0,",models, ","Counter({'Xception': 1, 'NASNetMobile': 1, 'DenseNet121': 1, 'InceptionResNetV2': 1, 'DenseNet201': 1})",",",5,",",
"batchId ,",36.0,",overall_accuracy, ",75.375,",step_accuracy, ",74.5,",models, ","Counter({'Xception': 1, 'NASNetMobile': 1, 'DenseNet121': 1, 'InceptionResNetV2': 1, 'DenseNet201': 1})",",",5,",",
"batchId ,",37.0,",overall_accuracy, ",75.37837837837837,",step_accuracy, ",75.5,",models, ","Counter({'Xception': 1, 'NASNetMobile': 1, 'DenseNet121': 1, 'InceptionResNetV2': 1, 'DenseNet201': 1})",",",5,",",
"batchId ,",38.0,",overall_accuracy, ",75.35526315789474,",step_accuracy, ",74.5,",models, ","Counter({'Xception': 1, 'NASNetMobile': 1, 'DenseNet121': 1, 'InceptionResNetV2': 1, 'DenseNet201': 1})",",",5,",",
"batchId ,",39.0,",overall_accuracy, ",75.25641025641025,",step_accuracy, ",71.5,",models, ","Counter({'Xception': 1, 'NASNetMobile': 1, 'DenseNet121': 1, 'InceptionResNetV2': 1, 'DenseNet201': 1})",",",5,",",
"batchId ,",40.0,",overall_accuracy, ",75.375,",step_accuracy, ",80.0,",models, ","Counter({'Xception': 1, 'NASNetMobile': 1, 'DenseNet121': 1, 'InceptionResNetV2': 1, 'DenseNet201': 1})",",",5,",",
"batchId ,",41.0,",overall_accuracy, ",75.45121951219512,",step_accuracy, ",78.5,",models, ","Counter({'Xception': 1, 'NASNetMobile': 1, 'DenseNet121': 1, 'InceptionResNetV2': 1, 'DenseNet201': 1})",",",5,",",
"batchId ,",42.0,",overall_accuracy, ",75.46428571428572,",step_accuracy, ",76.0,",models, ","Counter({'Xception': 1, 'NASNetMobile': 1, 'DenseNet121': 1, 'InceptionResNetV2': 1, 'DenseNet201': 1})",",",5,",",
"batchId ,",43.0,",overall_accuracy, ",75.46511627906976,",step_accuracy, ",75.5,",models, ","Counter({'Xception': 1, 'NASNetMobile': 1, 'DenseNet121': 1, 'InceptionResNetV2': 1, 'DenseNet201': 1})",",",5,",",
"batchId ,",44.0,",overall_accuracy, ",75.4659090909091,",step_accuracy, ",75.5,",models, ","Counter({'Xception': 1, 'NASNetMobile': 1, 'DenseNet121': 1, 'InceptionResNetV2': 1, 'DenseNet201': 1})",",",5,",",
"batchId ,",45.0,",overall_accuracy, ",75.6111111111111,",step_accuracy, ",82.0,",models, ","Counter({'Xception': 1, 'NASNetMobile': 1, 'DenseNet121': 1, 'InceptionResNetV2': 1, 'DenseNet201': 1})",",",5,",",
"batchId ,",46.0,",overall_accuracy, ",75.57608695652173,",step_accuracy, ",74.0,",models, ","Counter({'Xception': 1, 'NASNetMobile': 1, 'DenseNet121': 1, 'InceptionResNetV2': 1, 'DenseNet201': 1})",",",5,",",
"batchId ,",47.0,",overall_accuracy, ",75.70212765957447,",step_accuracy, ",81.5,",models, ","Counter({'Xception': 1, 'NASNetMobile': 1, 'DenseNet121': 1, 'InceptionResNetV2': 1, 'DenseNet201': 1})",",",5,",",
"batchId ,",48.0,",overall_accuracy, ",75.64583333333333,",step_accuracy, ",73.0,",models, ","Counter({'Xception': 1, 'NASNetMobile': 1, 'DenseNet121': 1, 'InceptionResNetV2': 1, 'DenseNet201': 1})",",",5,",",
"batchId ,",49.0,",overall_accuracy, ",75.73469387755102,",step_accuracy, ",80.0,",models, ","Counter({'Xception': 1, 'NASNetMobile': 1, 'DenseNet121': 1, 'InceptionResNetV2': 1, 'DenseNet201': 1})",",",5,",",
"batchId ,",50.0,",overall_accuracy, ",75.77000000000001,",step_accuracy, ",77.5,",models, ","Counter({'Xception': 1, 'NASNetMobile': 1, 'DenseNet121': 1, 'InceptionResNetV2': 1, 'DenseNet201': 1})",",",5,",",
"batchId ,",51.0,",overall_accuracy, ",75.92156862745098,",step_accuracy, ",83.5,",models, ","Counter({'Xception': 1, 'NASNetMobile': 1, 'DenseNet121': 1, 'InceptionResNetV2': 1, 'DenseNet201': 1})",",",5,",",
"batchId ,",52.0,",overall_accuracy, ",75.79807692307692,",step_accuracy, ",69.5,",models, ","Counter({'Xception': 1, 'NASNetMobile': 1, 'DenseNet121': 1, 'InceptionResNetV2': 1, 'DenseNet201': 1})",",",5,",",
"batchId ,",53.0,",overall_accuracy, ",75.66037735849058,",step_accuracy, ",68.5,",models, ","Counter({'Xception': 1, 'NASNetMobile': 1, 'DenseNet121': 1, 'InceptionResNetV2': 1, 'DenseNet201': 1})",",",5,",",
"batchId ,",54.0,",overall_accuracy, ",75.63888888888889,",step_accuracy, ",74.5,",models, ","Counter({'Xception': 1, 'NASNetMobile': 1, 'DenseNet121': 1, 'InceptionResNetV2': 1, 'DenseNet201': 1})",",",5,",",
"batchId ,",55.0,",overall_accuracy, ",75.69090909090909,",step_accuracy, ",78.5,",models, ","Counter({'Xception': 1, 'NASNetMobile': 1, 'DenseNet121': 1, 'InceptionResNetV2': 1, 'DenseNet201': 1})",",",5,",",
"batchId ,",56.0,",overall_accuracy, ",75.75,",step_accuracy, ",79.0,",models, ","Counter({'Xception': 1, 'NASNetMobile': 1, 'DenseNet121': 1, 'InceptionResNetV2': 1, 'DenseNet201': 1})",",",5,",",
"batchId ,",57.0,",overall_accuracy, ",75.79824561403508,",step_accuracy, ",78.5,",models, ","Counter({'Xception': 1, 'NASNetMobile': 1, 'DenseNet121': 1, 'InceptionResNetV2': 1, 'DenseNet201': 1})",",",5,",",
"batchId ,",58.0,",overall_accuracy, ",75.8103448275862,",step_accuracy, ",76.5,",models, ","Counter({'Xception': 1, 'NASNetMobile': 1, 'DenseNet121': 1, 'InceptionResNetV2': 1, 'DenseNet201': 1})",",",5,",",
"batchId ,",59.0,",overall_accuracy, ",75.78813559322035,",step_accuracy, ",74.5,",models, ","Counter({'Xception': 1, 'NASNetMobile': 1, 'DenseNet121': 1, 'InceptionResNetV2': 1, 'DenseNet201': 1})",",",5,",",
"batchId ,",60.0,",overall_accuracy, ",75.81666666666666,",step_accuracy, ",77.5,",models, ","Counter({'Xception': 1, 'NASNetMobile': 1, 'DenseNet121': 1, 'InceptionResNetV2': 1, 'DenseNet201': 1})",",",5,",",
"batchId ,",61.0,",overall_accuracy, ",75.85245901639345,",step_accuracy, ",78.0,",models, ","Counter({'Xception': 1, 'NASNetMobile': 1, 'DenseNet121': 1, 'InceptionResNetV2': 1, 'DenseNet201': 1})",",",5,",",
"batchId ,",62.0,",overall_accuracy, ",75.76612903225806,",step_accuracy, ",70.5,",models, ","Counter({'Xception': 1, 'NASNetMobile': 1, 'DenseNet121': 1, 'InceptionResNetV2': 1, 'DenseNet201': 1})",",",5,",",
"batchId ,",63.0,",overall_accuracy, ",75.74603174603175,",step_accuracy, ",74.5,",models, ","Counter({'Xception': 1, 'NASNetMobile': 1, 'DenseNet121': 1, 'InceptionResNetV2': 1, 'DenseNet201': 1})",",",5,",",
"batchId ,",64.0,",overall_accuracy, ",75.7890625,",step_accuracy, ",78.5,",models, ","Counter({'Xception': 1, 'NASNetMobile': 1, 'DenseNet121': 1, 'InceptionResNetV2': 1, 'DenseNet201': 1})",",",5,",",
"batchId ,",65.0,",overall_accuracy, ",75.90769230769232,",step_accuracy, ",83.5,",models, ","Counter({'Xception': 1, 'NASNetMobile': 1, 'DenseNet121': 1, 'InceptionResNetV2': 1, 'DenseNet201': 1})",",",5,",",
"batchId ,",66.0,",overall_accuracy, ",76.02272727272728,",step_accuracy, ",83.5,",models, ","Counter({'Xception': 1, 'NASNetMobile': 1, 'DenseNet121': 1, 'InceptionResNetV2': 1, 'DenseNet201': 1})",",",5,",",
"batchId ,",67.0,",overall_accuracy, ",76.08955223880596,",step_accuracy, ",80.5,",models, ","Counter({'Xception': 1, 'NASNetMobile': 1, 'DenseNet121': 1, 'InceptionResNetV2': 1, 'DenseNet201': 1})",",",5,",",
"batchId ,",68.0,",overall_accuracy, ",76.11029411764706,",step_accuracy, ",77.5,",models, ","Counter({'Xception': 1, 'NASNetMobile': 1, 'DenseNet121': 1, 'InceptionResNetV2': 1, 'DenseNet201': 1})",",",5,",",
"batchId ,",69.0,",overall_accuracy, ",76.06521739130436,",step_accuracy, ",73.0,",models, ","Counter({'Xception': 1, 'NASNetMobile': 1, 'DenseNet121': 1, 'InceptionResNetV2': 1, 'DenseNet201': 1})",",",5,",",
"batchId ,",70.0,",overall_accuracy, ",76.05714285714285,",step_accuracy, ",75.5,",models, ","Counter({'Xception': 1, 'NASNetMobile': 1, 'DenseNet121': 1, 'InceptionResNetV2': 1, 'DenseNet201': 1})",",",5,",",
"batchId ,",71.0,",overall_accuracy, ",76.05633802816901,",step_accuracy, ",76.0,",models, ","Counter({'Xception': 1, 'NASNetMobile': 1, 'DenseNet121': 1, 'InceptionResNetV2': 1, 'DenseNet201': 1})",",",5,",",
"batchId ,",72.0,",overall_accuracy, ",76.02083333333334,",step_accuracy, ",73.5,",models, ","Counter({'Xception': 1, 'NASNetMobile': 1, 'DenseNet121': 1, 'InceptionResNetV2': 1, 'DenseNet201': 1})",",",5,",",
"batchId ,",73.0,",overall_accuracy, ",75.88356164383562,",step_accuracy, ",66.0,",models, ","Counter({'Xception': 1, 'NASNetMobile': 1, 'DenseNet121': 1, 'InceptionResNetV2': 1, 'DenseNet201': 1})",",",5,",",
"batchId ,",74.0,",overall_accuracy, ",75.9054054054054,",step_accuracy, ",77.5,",models, ","Counter({'Xception': 1, 'NASNetMobile': 1, 'DenseNet121': 1, 'InceptionResNetV2': 1, 'DenseNet201': 1})",",",5,",",
"batchId ,",75.0,",overall_accuracy, ",75.94666666666666,",step_accuracy, ",79.0,",models, ","Counter({'Xception': 1, 'NASNetMobile': 1, 'DenseNet121': 1, 'InceptionResNetV2': 1, 'DenseNet201': 1})",",",5,",",
"batchId ,",76.0,",overall_accuracy, ",75.92763157894737,",step_accuracy, ",74.5,",models, ","Counter({'Xception': 1, 'NASNetMobile': 1, 'DenseNet121': 1, 'InceptionResNetV2': 1, 'DenseNet201': 1})",",",5,",",
"batchId ,",77.0,",overall_accuracy, ",75.91558441558442,",step_accuracy, ",75.0,",models, ","Counter({'Xception': 1, 'NASNetMobile': 1, 'DenseNet121': 1, 'InceptionResNetV2': 1, 'DenseNet201': 1})",",",5,",",
"batchId ,",78.0,",overall_accuracy, ",75.97435897435898,",step_accuracy, ",80.5,",models, ","Counter({'Xception': 1, 'NASNetMobile': 1, 'DenseNet121': 1, 'InceptionResNetV2': 1, 'DenseNet201': 1})",",",5,",",
"batchId ,",79.0,",overall_accuracy, ",75.95569620253164,",step_accuracy, ",74.5,",models, ","Counter({'Xception': 1, 'NASNetMobile': 1, 'DenseNet121': 1, 'InceptionResNetV2': 1, 'DenseNet201': 1})",",",5,",",
"batchId ,",80.0,",overall_accuracy, ",75.83125,",step_accuracy, ",66.0,",models, ","Counter({'Xception': 1, 'NASNetMobile': 1, 'DenseNet121': 1, 'InceptionResNetV2': 1, 'DenseNet201': 1})",",",5,",",
"batchId ,",81.0,",overall_accuracy, ",75.82098765432099,",step_accuracy, ",75.0,",models, ","Counter({'Xception': 1, 'NASNetMobile': 1, 'DenseNet121': 1, 'InceptionResNetV2': 1, 'DenseNet201': 1})",",",5,",",
"batchId ,",82.0,",overall_accuracy, ",75.84146341463415,",step_accuracy, ",77.5,",models, ","Counter({'Xception': 1, 'NASNetMobile': 1, 'DenseNet121': 1, 'InceptionResNetV2': 1, 'DenseNet201': 1})",",",5,",",
"batchId ,",83.0,",overall_accuracy, ",75.8855421686747,",step_accuracy, ",79.5,",models, ","Counter({'Xception': 1, 'NASNetMobile': 1, 'DenseNet121': 1, 'InceptionResNetV2': 1, 'DenseNet201': 1})",",",5,",",
"batchId ,",84.0,",overall_accuracy, ",75.8452380952381,",step_accuracy, ",72.5,",models, ","Counter({'Xception': 1, 'NASNetMobile': 1, 'DenseNet121': 1, 'InceptionResNetV2': 1, 'DenseNet201': 1})",",",5,",",
"batchId ,",85.0,",overall_accuracy, ",75.81764705882354,",step_accuracy, ",73.5,",models, ","Counter({'Xception': 1, 'NASNetMobile': 1, 'DenseNet121': 1, 'InceptionResNetV2': 1, 'DenseNet201': 1})",",",5,",",
"batchId ,",86.0,",overall_accuracy, ",75.8546511627907,",step_accuracy, ",79.0,",models, ","Counter({'Xception': 1, 'NASNetMobile': 1, 'DenseNet121': 1, 'InceptionResNetV2': 1, 'DenseNet201': 1})",",",5,",",
"batchId ,",87.0,",overall_accuracy, ",75.8735632183908,",step_accuracy, ",77.5,",models, ","Counter({'Xception': 1, 'NASNetMobile': 1, 'DenseNet121': 1, 'InceptionResNetV2': 1, 'DenseNet201': 1})",",",5,",",
"batchId ,",88.0,",overall_accuracy, ",75.78977272727273,",step_accuracy, ",68.5,",models, ","Counter({'Xception': 1, 'NASNetMobile': 1, 'DenseNet121': 1, 'InceptionResNetV2': 1, 'DenseNet201': 1})",",",5,",",
"batchId ,",89.0,",overall_accuracy, ",75.76404494382022,",step_accuracy, ",73.5,",models, ","Counter({'Xception': 1, 'NASNetMobile': 1, 'DenseNet121': 1, 'InceptionResNetV2': 1, 'DenseNet201': 1})",",",5,",",
"batchId ,",90.0,",overall_accuracy, ",75.73333333333333,",step_accuracy, ",73.0,",models, ","Counter({'Xception': 1, 'NASNetMobile': 1, 'DenseNet121': 1, 'InceptionResNetV2': 1, 'DenseNet201': 1})",",",5,",",
"batchId ,",91.0,",overall_accuracy, ",75.73626373626374,",step_accuracy, ",76.0,",models, ","Counter({'Xception': 1, 'NASNetMobile': 1, 'DenseNet121': 1, 'InceptionResNetV2': 1, 'DenseNet201': 1})",",",5,",",
"batchId ,",92.0,",overall_accuracy, ",75.75,",step_accuracy, ",77.0,",models, ","Counter({'Xception': 1, 'NASNetMobile': 1, 'DenseNet121': 1, 'InceptionResNetV2': 1, 'DenseNet201': 1})",",",5,",",
"batchId ,",93.0,",overall_accuracy, ",75.77419354838709,",step_accuracy, ",78.0,",models, ","Counter({'Xception': 1, 'NASNetMobile': 1, 'DenseNet121': 1, 'InceptionResNetV2': 1, 'DenseNet201': 1})",",",5,",",
"batchId ,",94.0,",overall_accuracy, ",75.7340425531915,",step_accuracy, ",72.0,",models, ","Counter({'Xception': 1, 'NASNetMobile': 1, 'DenseNet121': 1, 'InceptionResNetV2': 1, 'DenseNet201': 1})",",",5,",",
"batchId ,",95.0,",overall_accuracy, ",75.72631578947369,",step_accuracy, ",75.0,",models, ","Counter({'Xception': 1, 'NASNetMobile': 1, 'DenseNet121': 1, 'InceptionResNetV2': 1, 'DenseNet201': 1})",",",5,",",
"batchId ,",96.0,",overall_accuracy, ",75.66145833333333,",step_accuracy, ",69.5,",models, ","Counter({'Xception': 1, 'NASNetMobile': 1, 'DenseNet121': 1, 'InceptionResNetV2': 1, 'DenseNet201': 1})",",",5,",",
"batchId ,",97.0,",overall_accuracy, ",75.66494845360825,",step_accuracy, ",76.0,",models, ","Counter({'Xception': 1, 'NASNetMobile': 1, 'DenseNet121': 1, 'InceptionResNetV2': 1, 'DenseNet201': 1})",",",5,",",
"batchId ,",98.0,",overall_accuracy, ",75.63265306122449,",step_accuracy, ",72.5,",models, ","Counter({'Xception': 1, 'NASNetMobile': 1, 'DenseNet121': 1, 'InceptionResNetV2': 1, 'DenseNet201': 1})",",",5,",",
"batchId ,",99.0,",overall_accuracy, ",75.5959595959596,",step_accuracy, ",72.0,",models, ","Counter({'Xception': 1, 'NASNetMobile': 1, 'DenseNet121': 1, 'InceptionResNetV2': 1, 'DenseNet201': 1})",",",5,",",
"batchId ,",100.0,",overall_accuracy, ",75.58,",step_accuracy, ",74.0,",models, ","Counter({'Xception': 1, 'NASNetMobile': 1, 'DenseNet121': 1, 'InceptionResNetV2': 1, 'DenseNet201': 1})",",",5,",",
"batchId ,",101.0,",overall_accuracy, ",75.63366336633663,",step_accuracy, ",81.0,",models, ","Counter({'Xception': 1, 'NASNetMobile': 1, 'DenseNet121': 1, 'InceptionResNetV2': 1, 'DenseNet201': 1})",",",5,",",
"batchId ,",102.0,",overall_accuracy, ",75.6421568627451,",step_accuracy, ",76.5,",models, ","Counter({'Xception': 1, 'NASNetMobile': 1, 'DenseNet121': 1, 'InceptionResNetV2': 1, 'DenseNet201': 1})",",",5,",",
"batchId ,",103.0,",overall_accuracy, ",75.66504854368932,",step_accuracy, ",78.0,",models, ","Counter({'Xception': 1, 'NASNetMobile': 1, 'DenseNet121': 1, 'InceptionResNetV2': 1, 'DenseNet201': 1})",",",5,",",
"batchId ,",104.0,",overall_accuracy, ",75.66826923076924,",step_accuracy, ",76.0,",models, ","Counter({'Xception': 1, 'NASNetMobile': 1, 'DenseNet121': 1, 'InceptionResNetV2': 1, 'DenseNet201': 1})",",",5,",",
"batchId ,",105.0,",overall_accuracy, ",75.75714285714285,",step_accuracy, ",85.0,",models, ","Counter({'Xception': 1, 'NASNetMobile': 1, 'DenseNet121': 1, 'InceptionResNetV2': 1, 'DenseNet201': 1})",",",5,",",
"batchId ,",106.0,",overall_accuracy, ",75.77358490566037,",step_accuracy, ",77.5,",models, ","Counter({'Xception': 1, 'NASNetMobile': 1, 'DenseNet121': 1, 'InceptionResNetV2': 1, 'DenseNet201': 1})",",",5,",",
"batchId ,",107.0,",overall_accuracy, ",75.76635514018692,",step_accuracy, ",75.0,",models, ","Counter({'Xception': 1, 'NASNetMobile': 1, 'DenseNet121': 1, 'InceptionResNetV2': 1, 'DenseNet201': 1})",",",5,",",
"batchId ,",108.0,",overall_accuracy, ",75.79629629629629,",step_accuracy, ",79.0,",models, ","Counter({'Xception': 1, 'NASNetMobile': 1, 'DenseNet121': 1, 'InceptionResNetV2': 1, 'DenseNet201': 1})",",",5,",",
"batchId ,",109.0,",overall_accuracy, ",75.84862385321101,",step_accuracy, ",81.5,",models, ","Counter({'Xception': 1, 'NASNetMobile': 1, 'DenseNet121': 1, 'InceptionResNetV2': 1, 'DenseNet201': 1})",",",5,",",
"batchId ,",110.0,",overall_accuracy, ",75.83636363636363,",step_accuracy, ",74.5,",models, ","Counter({'Xception': 1, 'NASNetMobile': 1, 'DenseNet121': 1, 'InceptionResNetV2': 1, 'DenseNet201': 1})",",",5,",",
"batchId ,",111.0,",overall_accuracy, ",75.78828828828829,",step_accuracy, ",70.5,",models, ","Counter({'Xception': 1, 'NASNetMobile': 1, 'DenseNet121': 1, 'InceptionResNetV2': 1, 'DenseNet201': 1})",",",5,",",
"batchId ,",112.0,",overall_accuracy, ",75.80357142857143,",step_accuracy, ",77.5,",models, ","Counter({'Xception': 1, 'NASNetMobile': 1, 'DenseNet121': 1, 'InceptionResNetV2': 1, 'DenseNet201': 1})",",",5,",",
"batchId ,",113.0,",overall_accuracy, ",75.7566371681416,",step_accuracy, ",70.5,",models, ","Counter({'Xception': 1, 'NASNetMobile': 1, 'DenseNet121': 1, 'InceptionResNetV2': 1, 'DenseNet201': 1})",",",5,",",
"batchId ,",114.0,",overall_accuracy, ",75.7280701754386,",step_accuracy, ",72.5,",models, ","Counter({'Xception': 1, 'NASNetMobile': 1, 'DenseNet121': 1, 'InceptionResNetV2': 1, 'DenseNet201': 1})",",",5,",",
"batchId ,",115.0,",overall_accuracy, ",75.77826086956522,",step_accuracy, ",81.5,",models, ","Counter({'Xception': 1, 'NASNetMobile': 1, 'DenseNet121': 1, 'InceptionResNetV2': 1, 'DenseNet201': 1})",",",5,",",
"batchId ,",116.0,",overall_accuracy, ",75.78879310344827,",step_accuracy, ",77.0,",models, ","Counter({'Xception': 1, 'NASNetMobile': 1, 'DenseNet121': 1, 'InceptionResNetV2': 1, 'DenseNet201': 1})",",",5,",",
"batchId ,",117.0,",overall_accuracy, ",75.8034188034188,",step_accuracy, ",77.5,",models, ","Counter({'Xception': 1, 'NASNetMobile': 1, 'DenseNet121': 1, 'InceptionResNetV2': 1, 'DenseNet201': 1})",",",5,",",
"batchId ,",118.0,",overall_accuracy, ",75.78813559322035,",step_accuracy, ",74.0,",models, ","Counter({'Xception': 1, 'NASNetMobile': 1, 'DenseNet121': 1, 'InceptionResNetV2': 1, 'DenseNet201': 1})",",",5,",",
"batchId ,",119.0,",overall_accuracy, ",75.79411764705883,",step_accuracy, ",76.5,",models, ","Counter({'Xception': 1, 'NASNetMobile': 1, 'DenseNet121': 1, 'InceptionResNetV2': 1, 'DenseNet201': 1})",",",5,",",
"batchId ,",120.0,",overall_accuracy, ",75.84166666666667,",step_accuracy, ",81.5,",models, ","Counter({'Xception': 1, 'NASNetMobile': 1, 'DenseNet121': 1, 'InceptionResNetV2': 1, 'DenseNet201': 1})",",",5,",",
"batchId ,",121.0,",overall_accuracy, ",75.87190082644628,",step_accuracy, ",79.5,",models, ","Counter({'Xception': 1, 'NASNetMobile': 1, 'DenseNet121': 1, 'InceptionResNetV2': 1, 'DenseNet201': 1})",",",5,",",
"batchId ,",122.0,",overall_accuracy, ",75.87295081967214,",step_accuracy, ",76.0,",models, ","Counter({'Xception': 1, 'NASNetMobile': 1, 'DenseNet121': 1, 'InceptionResNetV2': 1, 'DenseNet201': 1})",",",5,",",
"batchId ,",123.0,",overall_accuracy, ",75.8780487804878,",step_accuracy, ",76.5,",models, ","Counter({'Xception': 1, 'NASNetMobile': 1, 'DenseNet121': 1, 'InceptionResNetV2': 1, 'DenseNet201': 1})",",",5,",",
"batchId ,",124.0,",overall_accuracy, ",75.84274193548387,",step_accuracy, ",71.5,",models, ","Counter({'Xception': 1, 'NASNetMobile': 1, 'DenseNet121': 1, 'InceptionResNetV2': 1, 'DenseNet201': 1})",",",5,",",
"batchId ,",125.0,",overall_accuracy, ",75.84,",step_accuracy, ",75.5,",models, ","Counter({'Xception': 1, 'NASNetMobile': 1, 'DenseNet121': 1, 'InceptionResNetV2': 1, 'DenseNet201': 1})",",",5,",",
"batchId ,",126.0,",overall_accuracy, ",75.82539682539682,",step_accuracy, ",74.0,",models, ","Counter({'Xception': 1, 'NASNetMobile': 1, 'DenseNet121': 1, 'InceptionResNetV2': 1, 'DenseNet201': 1})",",",5,",",
"batchId ,",127.0,",overall_accuracy, ",75.80708661417323,",step_accuracy, ",73.5,",models, ","Counter({'Xception': 1, 'NASNetMobile': 1, 'DenseNet121': 1, 'InceptionResNetV2': 1, 'DenseNet201': 1})",",",5,",",
"batchId ,",128.0,",overall_accuracy, ",75.78515625,",step_accuracy, ",73.0,",models, ","Counter({'Xception': 1, 'NASNetMobile': 1, 'DenseNet121': 1, 'InceptionResNetV2': 1, 'DenseNet201': 1})",",",5,",",
"batchId ,",129.0,",overall_accuracy, ",75.77131782945736,",step_accuracy, ",74.0,",models, ","Counter({'Xception': 1, 'NASNetMobile': 1, 'DenseNet121': 1, 'InceptionResNetV2': 1, 'DenseNet201': 1})",",",5,",",
"batchId ,",130.0,",overall_accuracy, ",75.79230769230769,",step_accuracy, ",78.5,",models, ","Counter({'Xception': 1, 'NASNetMobile': 1, 'DenseNet121': 1, 'InceptionResNetV2': 1, 'DenseNet201': 1})",",",5,",",
"batchId ,",131.0,",overall_accuracy, ",75.79770992366413,",step_accuracy, ",76.5,",models, ","Counter({'Xception': 1, 'NASNetMobile': 1, 'DenseNet121': 1, 'InceptionResNetV2': 1, 'DenseNet201': 1})",",",5,",",
"batchId ,",132.0,",overall_accuracy, ",75.7840909090909,",step_accuracy, ",74.0,",models, ","Counter({'Xception': 1, 'NASNetMobile': 1, 'DenseNet121': 1, 'InceptionResNetV2': 1, 'DenseNet201': 1})",",",5,",",
"batchId ,",133.0,",overall_accuracy, ",75.72932330827068,",step_accuracy, ",68.5,",models, ","Counter({'Xception': 1, 'NASNetMobile': 1, 'DenseNet121': 1, 'InceptionResNetV2': 1, 'DenseNet201': 1})",",",5,",",
"batchId ,",134.0,",overall_accuracy, ",75.72388059701493,",step_accuracy, ",75.0,",models, ","Counter({'Xception': 1, 'NASNetMobile': 1, 'DenseNet121': 1, 'InceptionResNetV2': 1, 'DenseNet201': 1})",",",5,",",
"batchId ,",135.0,",overall_accuracy, ",75.72962962962963,",step_accuracy, ",76.5,",models, ","Counter({'Xception': 1, 'NASNetMobile': 1, 'DenseNet121': 1, 'InceptionResNetV2': 1, 'DenseNet201': 1})",",",5,",",
"batchId ,",136.0,",overall_accuracy, ",75.74264705882354,",step_accuracy, ",77.5,",models, ","Counter({'Xception': 1, 'NASNetMobile': 1, 'DenseNet121': 1, 'InceptionResNetV2': 1, 'DenseNet201': 1})",",",5,",",
"batchId ,",137.0,",overall_accuracy, ",75.73357664233576,",step_accuracy, ",74.5,",models, ","Counter({'Xception': 1, 'NASNetMobile': 1, 'DenseNet121': 1, 'InceptionResNetV2': 1, 'DenseNet201': 1})",",",5,",",
"batchId ,",138.0,",overall_accuracy, ",75.75,",step_accuracy, ",78.0,",models, ","Counter({'Xception': 1, 'NASNetMobile': 1, 'DenseNet121': 1, 'InceptionResNetV2': 1, 'DenseNet201': 1})",",",5,",",
"batchId ,",139.0,",overall_accuracy, ",75.74460431654676,",step_accuracy, ",75.0,",models, ","Counter({'Xception': 1, 'NASNetMobile': 1, 'DenseNet121': 1, 'InceptionResNetV2': 1, 'DenseNet201': 1})",",",5,",",
"batchId ,",140.0,",overall_accuracy, ",75.77142857142857,",step_accuracy, ",79.5,",models, ","Counter({'Xception': 1, 'NASNetMobile': 1, 'DenseNet121': 1, 'InceptionResNetV2': 1, 'DenseNet201': 1})",",",5,",",
"batchId ,",141.0,",overall_accuracy, ",75.76241134751773,",step_accuracy, ",74.5,",models, ","Counter({'Xception': 1, 'NASNetMobile': 1, 'DenseNet121': 1, 'InceptionResNetV2': 1, 'DenseNet201': 1})",",",5,",",
"batchId ,",142.0,",overall_accuracy, ",75.75704225352112,",step_accuracy, ",75.0,",models, ","Counter({'Xception': 1, 'NASNetMobile': 1, 'DenseNet121': 1, 'InceptionResNetV2': 1, 'DenseNet201': 1})",",",5,",",
"batchId ,",143.0,",overall_accuracy, ",75.75874125874125,",step_accuracy, ",76.0,",models, ","Counter({'Xception': 1, 'NASNetMobile': 1, 'DenseNet121': 1, 'InceptionResNetV2': 1, 'DenseNet201': 1})",",",5,",",
"batchId ,",144.0,",overall_accuracy, ",75.75694444444444,",step_accuracy, ",75.5,",models, ","Counter({'Xception': 1, 'NASNetMobile': 1, 'DenseNet121': 1, 'InceptionResNetV2': 1, 'DenseNet201': 1})",",",5,",",
"batchId ,",145.0,",overall_accuracy, ",75.76206896551724,",step_accuracy, ",76.5,",models, ","Counter({'Xception': 1, 'NASNetMobile': 1, 'DenseNet121': 1, 'InceptionResNetV2': 1, 'DenseNet201': 1})",",",5,",",
"batchId ,",146.0,",overall_accuracy, ",75.76712328767124,",step_accuracy, ",76.5,",models, ","Counter({'Xception': 1, 'NASNetMobile': 1, 'DenseNet121': 1, 'InceptionResNetV2': 1, 'DenseNet201': 1})",",",5,",",
"batchId ,",147.0,",overall_accuracy, ",75.79591836734694,",step_accuracy, ",80.0,",models, ","Counter({'Xception': 1, 'NASNetMobile': 1, 'DenseNet121': 1, 'InceptionResNetV2': 1, 'DenseNet201': 1})",",",5,",",
"batchId ,",148.0,",overall_accuracy, ",75.7804054054054,",step_accuracy, ",73.5,",models, ","Counter({'Xception': 1, 'NASNetMobile': 1, 'DenseNet121': 1, 'InceptionResNetV2': 1, 'DenseNet201': 1})",",",5,",",
"batchId ,",149.0,",overall_accuracy, ",75.76845637583892,",step_accuracy, ",74.0,",models, ","Counter({'Xception': 1, 'NASNetMobile': 1, 'DenseNet121': 1, 'InceptionResNetV2': 1, 'DenseNet201': 1})",",",5,",",
"batchId ,",150.0,",overall_accuracy, ",75.77666666666667,",step_accuracy, ",77.0,",models, ","Counter({'Xception': 1, 'NASNetMobile': 1, 'DenseNet121': 1, 'InceptionResNetV2': 1, 'DenseNet201': 1})",",",5,",",
"batchId ,",151.0,",overall_accuracy, ",75.78476821192052,",step_accuracy, ",77.0,",models, ","Counter({'Xception': 1, 'NASNetMobile': 1, 'DenseNet121': 1, 'InceptionResNetV2': 1, 'DenseNet201': 1})",",",5,",",
"batchId ,",152.0,",overall_accuracy, ",75.77960526315789,",step_accuracy, ",75.0,",models, ","Counter({'Xception': 1, 'NASNetMobile': 1, 'DenseNet121': 1, 'InceptionResNetV2': 1, 'DenseNet201': 1})",",",5,",",
"batchId ,",153.0,",overall_accuracy, ",75.80065359477123,",step_accuracy, ",79.0,",models, ","Counter({'Xception': 1, 'NASNetMobile': 1, 'DenseNet121': 1, 'InceptionResNetV2': 1, 'DenseNet201': 1})",",",5,",",
"batchId ,",154.0,",overall_accuracy, ",75.80194805194806,",step_accuracy, ",76.0,",models, ","Counter({'Xception': 1, 'NASNetMobile': 1, 'DenseNet121': 1, 'InceptionResNetV2': 1, 'DenseNet201': 1})",",",5,",",
"batchId ,",155.0,",overall_accuracy, ",75.7774193548387,",step_accuracy, ",72.0,",models, ","Counter({'Xception': 1, 'NASNetMobile': 1, 'DenseNet121': 1, 'InceptionResNetV2': 1, 'DenseNet201': 1})",",",5,",",
"batchId ,",156.0,",overall_accuracy, ",75.78205128205127,",step_accuracy, ",76.5,",models, ","Counter({'Xception': 1, 'NASNetMobile': 1, 'DenseNet121': 1, 'InceptionResNetV2': 1, 'DenseNet201': 1})",",",5,",",
"batchId ,",157.0,",overall_accuracy, ",75.80891719745223,",step_accuracy, ",80.0,",models, ","Counter({'Xception': 1, 'NASNetMobile': 1, 'DenseNet121': 1, 'InceptionResNetV2': 1, 'DenseNet201': 1})",",",5,",",
"batchId ,",158.0,",overall_accuracy, ",75.81962025316456,",step_accuracy, ",77.5,",models, ","Counter({'Xception': 1, 'NASNetMobile': 1, 'DenseNet121': 1, 'InceptionResNetV2': 1, 'DenseNet201': 1})",",",5,",",
"batchId ,",159.0,",overall_accuracy, ",75.81446540880503,",step_accuracy, ",75.0,",models, ","Counter({'Xception': 1, 'NASNetMobile': 1, 'DenseNet121': 1, 'InceptionResNetV2': 1, 'DenseNet201': 1})",",",5,",",
"batchId ,",160.0,",overall_accuracy, ",75.821875,",step_accuracy, ",77.0,",models, ","Counter({'Xception': 1, 'NASNetMobile': 1, 'DenseNet121': 1, 'InceptionResNetV2': 1, 'DenseNet201': 1})",",",5,",",
"batchId ,",161.0,",overall_accuracy, ",75.77018633540372,",step_accuracy, ",67.5,",models, ","Counter({'Xception': 1, 'NASNetMobile': 1, 'DenseNet121': 1, 'InceptionResNetV2': 1, 'DenseNet201': 1})",",",5,",",
"batchId ,",162.0,",overall_accuracy, ",75.79320987654322,",step_accuracy, ",79.5,",models, ","Counter({'Xception': 1, 'NASNetMobile': 1, 'DenseNet121': 1, 'InceptionResNetV2': 1, 'DenseNet201': 1})",",",5,",",
"batchId ,",163.0,",overall_accuracy, ",75.78220858895706,",step_accuracy, ",74.0,",models, ","Counter({'Xception': 1, 'NASNetMobile': 1, 'DenseNet121': 1, 'InceptionResNetV2': 1, 'DenseNet201': 1})",",",5,",",
"batchId ,",164.0,",overall_accuracy, ",75.78353658536585,",step_accuracy, ",76.0,",models, ","Counter({'Xception': 1, 'NASNetMobile': 1, 'DenseNet121': 1, 'InceptionResNetV2': 1, 'DenseNet201': 1})",",",5,",",
"batchId ,",165.0,",overall_accuracy, ",75.8,",step_accuracy, ",78.5,",models, ","Counter({'Xception': 1, 'NASNetMobile': 1, 'DenseNet121': 1, 'InceptionResNetV2': 1, 'DenseNet201': 1})",",",5,",",
"batchId ,",166.0,",overall_accuracy, ",75.80120481927712,",step_accuracy, ",76.0,",models, ","Counter({'Xception': 1, 'NASNetMobile': 1, 'DenseNet121': 1, 'InceptionResNetV2': 1, 'DenseNet201': 1})",",",5,",",
"batchId ,",167.0,",overall_accuracy, ",75.81437125748502,",step_accuracy, ",78.0,",models, ","Counter({'Xception': 1, 'NASNetMobile': 1, 'DenseNet121': 1, 'InceptionResNetV2': 1, 'DenseNet201': 1})",",",5,",",
"batchId ,",168.0,",overall_accuracy, ",75.81547619047619,",step_accuracy, ",76.0,",models, ","Counter({'Xception': 1, 'NASNetMobile': 1, 'DenseNet121': 1, 'InceptionResNetV2': 1, 'DenseNet201': 1})",",",5,",",
"batchId ,",169.0,",overall_accuracy, ",75.8491124260355,",step_accuracy, ",81.5,",models, ","Counter({'Xception': 1, 'NASNetMobile': 1, 'DenseNet121': 1, 'InceptionResNetV2': 1, 'DenseNet201': 1})",",",5,",",
"batchId ,",170.0,",overall_accuracy, ",75.88529411764706,",step_accuracy, ",82.0,",models, ","Counter({'Xception': 1, 'NASNetMobile': 1, 'DenseNet121': 1, 'InceptionResNetV2': 1, 'DenseNet201': 1})",",",5,",",
"batchId ,",171.0,",overall_accuracy, ",75.89473684210526,",step_accuracy, ",77.5,",models, ","Counter({'Xception': 1, 'NASNetMobile': 1, 'DenseNet121': 1, 'InceptionResNetV2': 1, 'DenseNet201': 1})",",",5,",",
"batchId ,",172.0,",overall_accuracy, ",75.88662790697674,",step_accuracy, ",74.5,",models, ","Counter({'Xception': 1, 'NASNetMobile': 1, 'DenseNet121': 1, 'InceptionResNetV2': 1, 'DenseNet201': 1})",",",5,",",
"batchId ,",173.0,",overall_accuracy, ",75.89884393063583,",step_accuracy, ",78.0,",models, ","Counter({'Xception': 1, 'NASNetMobile': 1, 'DenseNet121': 1, 'InceptionResNetV2': 1, 'DenseNet201': 1})",",",5,",",
"batchId ,",174.0,",overall_accuracy, ",75.89655172413792,",step_accuracy, ",75.5,",models, ","Counter({'Xception': 1, 'NASNetMobile': 1, 'DenseNet121': 1, 'InceptionResNetV2': 1, 'DenseNet201': 1})",",",5,",",
"batchId ,",175.0,",overall_accuracy, ",75.90571428571428,",step_accuracy, ",77.5,",models, ","Counter({'Xception': 1, 'NASNetMobile': 1, 'DenseNet121': 1, 'InceptionResNetV2': 1, 'DenseNet201': 1})",",",5,",",
"batchId ,",176.0,",overall_accuracy, ",75.88920454545455,",step_accuracy, ",73.0,",models, ","Counter({'Xception': 1, 'NASNetMobile': 1, 'DenseNet121': 1, 'InceptionResNetV2': 1, 'DenseNet201': 1})",",",5,",",
"batchId ,",177.0,",overall_accuracy, ",75.909604519774,",step_accuracy, ",79.5,",models, ","Counter({'Xception': 1, 'NASNetMobile': 1, 'DenseNet121': 1, 'InceptionResNetV2': 1, 'DenseNet201': 1})",",",5,",",
"batchId ,",178.0,",overall_accuracy, ",75.91853932584269,",step_accuracy, ",77.5,",models, ","Counter({'Xception': 1, 'NASNetMobile': 1, 'DenseNet121': 1, 'InceptionResNetV2': 1, 'DenseNet201': 1})",",",5,",",
"batchId ,",179.0,",overall_accuracy, ",75.92737430167598,",step_accuracy, ",77.5,",models, ","Counter({'Xception': 1, 'NASNetMobile': 1, 'DenseNet121': 1, 'InceptionResNetV2': 1, 'DenseNet201': 1})",",",5,",",
"batchId ,",180.0,",overall_accuracy, ",75.91111111111111,",step_accuracy, ",73.0,",models, ","Counter({'Xception': 1, 'NASNetMobile': 1, 'DenseNet121': 1, 'InceptionResNetV2': 1, 'DenseNet201': 1})",",",5,",",
"batchId ,",181.0,",overall_accuracy, ",75.92817679558011,",step_accuracy, ",79.0,",models, ","Counter({'Xception': 1, 'NASNetMobile': 1, 'DenseNet121': 1, 'InceptionResNetV2': 1, 'DenseNet201': 1})",",",5,",",
"batchId ,",182.0,",overall_accuracy, ",75.93406593406593,",step_accuracy, ",77.0,",models, ","Counter({'Xception': 1, 'NASNetMobile': 1, 'DenseNet121': 1, 'InceptionResNetV2': 1, 'DenseNet201': 1})",",",5,",",
"batchId ,",183.0,",overall_accuracy, ",75.93715846994536,",step_accuracy, ",76.5,",models, ","Counter({'Xception': 1, 'NASNetMobile': 1, 'DenseNet121': 1, 'InceptionResNetV2': 1, 'DenseNet201': 1})",",",5,",",
"batchId ,",184.0,",overall_accuracy, ",75.92934782608695,",step_accuracy, ",74.5,",models, ","Counter({'Xception': 1, 'NASNetMobile': 1, 'DenseNet121': 1, 'InceptionResNetV2': 1, 'DenseNet201': 1})",",",5,",",
"batchId ,",185.0,",overall_accuracy, ",75.91351351351351,",step_accuracy, ",73.0,",models, ","Counter({'Xception': 1, 'NASNetMobile': 1, 'DenseNet121': 1, 'InceptionResNetV2': 1, 'DenseNet201': 1})",",",5,",",
"batchId ,",186.0,",overall_accuracy, ",75.9247311827957,",step_accuracy, ",78.0,",models, ","Counter({'Xception': 1, 'NASNetMobile': 1, 'DenseNet121': 1, 'InceptionResNetV2': 1, 'DenseNet201': 1})",",",5,",",
"batchId ,",187.0,",overall_accuracy, ",75.89839572192514,",step_accuracy, ",71.0,",models, ","Counter({'Xception': 1, 'NASNetMobile': 1, 'DenseNet121': 1, 'InceptionResNetV2': 1, 'DenseNet201': 1})",",",5,",",
"batchId ,",188.0,",overall_accuracy, ",75.88031914893617,",step_accuracy, ",72.5,",models, ","Counter({'Xception': 1, 'NASNetMobile': 1, 'DenseNet121': 1, 'InceptionResNetV2': 1, 'DenseNet201': 1})",",",5,",",
"batchId ,",189.0,",overall_accuracy, ",75.8994708994709,",step_accuracy, ",79.5,",models, ","Counter({'Xception': 1, 'NASNetMobile': 1, 'DenseNet121': 1, 'InceptionResNetV2': 1, 'DenseNet201': 1})",",",5,",",
"batchId ,",190.0,",overall_accuracy, ",75.91578947368421,",step_accuracy, ",79.0,",models, ","Counter({'Xception': 1, 'NASNetMobile': 1, 'DenseNet121': 1, 'InceptionResNetV2': 1, 'DenseNet201': 1})",",",5,",",
"batchId ,",191.0,",overall_accuracy, ",75.91099476439791,",step_accuracy, ",75.0,",models, ","Counter({'Xception': 1, 'NASNetMobile': 1, 'DenseNet121': 1, 'InceptionResNetV2': 1, 'DenseNet201': 1})",",",5,",",
"batchId ,",192.0,",overall_accuracy, ",75.8828125,",step_accuracy, ",70.5,",models, ","Counter({'Xception': 1, 'NASNetMobile': 1, 'DenseNet121': 1, 'InceptionResNetV2': 1, 'DenseNet201': 1})",",",5,",",
"batchId ,",193.0,",overall_accuracy, ",75.87823834196891,",step_accuracy, ",75.0,",models, ","Counter({'Xception': 1, 'NASNetMobile': 1, 'DenseNet121': 1, 'InceptionResNetV2': 1, 'DenseNet201': 1})",",",5,",",
"batchId ,",194.0,",overall_accuracy, ",75.85567010309279,",step_accuracy, ",71.5,",models, ","Counter({'Xception': 1, 'NASNetMobile': 1, 'DenseNet121': 1, 'InceptionResNetV2': 1, 'DenseNet201': 1})",",",5,",",
"batchId ,",195.0,",overall_accuracy, ",75.8923076923077,",step_accuracy, ",83.0,",models, ","Counter({'Xception': 1, 'NASNetMobile': 1, 'DenseNet121': 1, 'InceptionResNetV2': 1, 'DenseNet201': 1})",",",5,",",
"batchId ,",196.0,",overall_accuracy, ",75.89795918367346,",step_accuracy, ",77.0,",models, ","Counter({'Xception': 1, 'NASNetMobile': 1, 'DenseNet121': 1, 'InceptionResNetV2': 1, 'DenseNet201': 1})",",",5,",",
"batchId ,",197.0,",overall_accuracy, ",75.90101522842639,",step_accuracy, ",76.5,",models, ","Counter({'Xception': 1, 'NASNetMobile': 1, 'DenseNet121': 1, 'InceptionResNetV2': 1, 'DenseNet201': 1})",",",5,",",
"batchId ,",198.0,",overall_accuracy, ",75.89646464646465,",step_accuracy, ",75.0,",models, ","Counter({'Xception': 1, 'NASNetMobile': 1, 'DenseNet121': 1, 'InceptionResNetV2': 1, 'DenseNet201': 1})",",",5,",",
"batchId ,",199.0,",overall_accuracy, ",75.90954773869348,",step_accuracy, ",78.5,",models, ","Counter({'Xception': 1, 'NASNetMobile': 1, 'DenseNet121': 1, 'InceptionResNetV2': 1, 'DenseNet201': 1})",",",5,",",
"batchId ,",200.0,",overall_accuracy, ",75.92,",step_accuracy, ",78.0,",models, ","Counter({'Xception': 1, 'NASNetMobile': 1, 'DenseNet121': 1, 'InceptionResNetV2': 1, 'DenseNet201': 1})",",",5,",",
"batchId ,",201.0,",overall_accuracy, ",75.91542288557214,",step_accuracy, ",75.0,",models, ","Counter({'Xception': 1, 'NASNetMobile': 1, 'DenseNet121': 1, 'InceptionResNetV2': 1, 'DenseNet201': 1})",",",5,",",
"batchId ,",202.0,",overall_accuracy, ",75.9059405940594,",step_accuracy, ",74.0,",models, ","Counter({'Xception': 1, 'NASNetMobile': 1, 'DenseNet121': 1, 'InceptionResNetV2': 1, 'DenseNet201': 1})",",",5,",",
"batchId ,",203.0,",overall_accuracy, ",75.9088669950739,",step_accuracy, ",76.5,",models, ","Counter({'Xception': 1, 'NASNetMobile': 1, 'DenseNet121': 1, 'InceptionResNetV2': 1, 'DenseNet201': 1})",",",5,",",
"batchId ,",204.0,",overall_accuracy, ",75.92647058823529,",step_accuracy, ",79.5,",models, ","Counter({'Xception': 1, 'NASNetMobile': 1, 'DenseNet121': 1, 'InceptionResNetV2': 1, 'DenseNet201': 1})",",",5,",",
"batchId ,",205.0,",overall_accuracy, ",75.93170731707318,",step_accuracy, ",77.0,",models, ","Counter({'Xception': 1, 'NASNetMobile': 1, 'DenseNet121': 1, 'InceptionResNetV2': 1, 'DenseNet201': 1})",",",5,",",
"batchId ,",206.0,",overall_accuracy, ",75.92233009708738,",step_accuracy, ",74.0,",models, ","Counter({'Xception': 1, 'NASNetMobile': 1, 'DenseNet121': 1, 'InceptionResNetV2': 1, 'DenseNet201': 1})",",",5,",",
"batchId ,",207.0,",overall_accuracy, ",75.93719806763285,",step_accuracy, ",79.0,",models, ","Counter({'Xception': 1, 'NASNetMobile': 1, 'DenseNet121': 1, 'InceptionResNetV2': 1, 'DenseNet201': 1})",",",5,",",
"batchId ,",208.0,",overall_accuracy, ",75.92548076923077,",step_accuracy, ",73.5,",models, ","Counter({'Xception': 1, 'NASNetMobile': 1, 'DenseNet121': 1, 'InceptionResNetV2': 1, 'DenseNet201': 1})",",",5,",",
"batchId ,",209.0,",overall_accuracy, ",75.92344497607655,",step_accuracy, ",75.5,",models, ","Counter({'Xception': 1, 'NASNetMobile': 1, 'DenseNet121': 1, 'InceptionResNetV2': 1, 'DenseNet201': 1})",",",5,",",
"batchId ,",210.0,",overall_accuracy, ",75.92380952380952,",step_accuracy, ",76.0,",models, ","Counter({'Xception': 1, 'NASNetMobile': 1, 'DenseNet121': 1, 'InceptionResNetV2': 1, 'DenseNet201': 1})",",",5,",",
"batchId ,",211.0,",overall_accuracy, ",75.90758293838863,",step_accuracy, ",72.5,",models, ","Counter({'Xception': 1, 'NASNetMobile': 1, 'DenseNet121': 1, 'InceptionResNetV2': 1, 'DenseNet201': 1})",",",5,",",
"batchId ,",212.0,",overall_accuracy, ",75.91037735849056,",step_accuracy, ",76.5,",models, ","Counter({'Xception': 1, 'NASNetMobile': 1, 'DenseNet121': 1, 'InceptionResNetV2': 1, 'DenseNet201': 1})",",",5,",",
"batchId ,",213.0,",overall_accuracy, ",75.89201877934272,",step_accuracy, ",72.0,",models, ","Counter({'Xception': 1, 'NASNetMobile': 1, 'DenseNet121': 1, 'InceptionResNetV2': 1, 'DenseNet201': 1})",",",5,",",
"batchId ,",214.0,",overall_accuracy, ",75.92056074766356,",step_accuracy, ",82.0,",models, ","Counter({'Xception': 1, 'NASNetMobile': 1, 'DenseNet121': 1, 'InceptionResNetV2': 1, 'DenseNet201': 1})",",",5,",",
"batchId ,",215.0,",overall_accuracy, ",75.90232558139535,",step_accuracy, ",72.0,",models, ","Counter({'Xception': 1, 'NASNetMobile': 1, 'DenseNet121': 1, 'InceptionResNetV2': 1, 'DenseNet201': 1})",",",5,",",
"batchId ,",216.0,",overall_accuracy, ",75.91203703703704,",step_accuracy, ",78.0,",models, ","Counter({'Xception': 1, 'NASNetMobile': 1, 'DenseNet121': 1, 'InceptionResNetV2': 1, 'DenseNet201': 1})",",",5,",",
"batchId ,",217.0,",overall_accuracy, ",75.91935483870968,",step_accuracy, ",77.5,",models, ","Counter({'Xception': 1, 'NASNetMobile': 1, 'DenseNet121': 1, 'InceptionResNetV2': 1, 'DenseNet201': 1})",",",5,",",
"batchId ,",218.0,",overall_accuracy, ",75.9197247706422,",step_accuracy, ",76.0,",models, ","Counter({'Xception': 1, 'NASNetMobile': 1, 'DenseNet121': 1, 'InceptionResNetV2': 1, 'DenseNet201': 1})",",",5,",",
"batchId ,",219.0,",overall_accuracy, ",75.95205479452055,",step_accuracy, ",83.0,",models, ","Counter({'Xception': 1, 'NASNetMobile': 1, 'DenseNet121': 1, 'InceptionResNetV2': 1, 'DenseNet201': 1})",",",5,",",
"batchId ,",220.0,",overall_accuracy, ",75.95227272727273,",step_accuracy, ",76.0,",models, ","Counter({'Xception': 1, 'NASNetMobile': 1, 'DenseNet121': 1, 'InceptionResNetV2': 1, 'DenseNet201': 1})",",",5,",",
"batchId ,",221.0,",overall_accuracy, ",75.93891402714932,",step_accuracy, ",73.0,",models, ","Counter({'Xception': 1, 'NASNetMobile': 1, 'DenseNet121': 1, 'InceptionResNetV2': 1, 'DenseNet201': 1})",",",5,",",
"batchId ,",222.0,",overall_accuracy, ",75.93468468468468,",step_accuracy, ",75.0,",models, ","Counter({'Xception': 1, 'NASNetMobile': 1, 'DenseNet121': 1, 'InceptionResNetV2': 1, 'DenseNet201': 1})",",",5,",",
"batchId ,",223.0,",overall_accuracy, ",75.91704035874439,",step_accuracy, ",72.0,",models, ","Counter({'Xception': 1, 'NASNetMobile': 1, 'DenseNet121': 1, 'InceptionResNetV2': 1, 'DenseNet201': 1})",",",5,",",
"batchId ,",224.0,",overall_accuracy, ",75.90178571428572,",step_accuracy, ",72.5,",models, ","Counter({'Xception': 1, 'NASNetMobile': 1, 'DenseNet121': 1, 'InceptionResNetV2': 1, 'DenseNet201': 1})",",",5,",",
"batchId ,",225.0,",overall_accuracy, ",75.90222222222222,",step_accuracy, ",76.0,",models, ","Counter({'Xception': 1, 'NASNetMobile': 1, 'DenseNet121': 1, 'InceptionResNetV2': 1, 'DenseNet201': 1})",",",5,",",
"batchId ,",226.0,",overall_accuracy, ",75.90707964601769,",step_accuracy, ",77.0,",models, ","Counter({'Xception': 1, 'NASNetMobile': 1, 'DenseNet121': 1, 'InceptionResNetV2': 1, 'DenseNet201': 1})",",",5,",",
"batchId ,",227.0,",overall_accuracy, ",75.91629955947137,",step_accuracy, ",78.0,",models, ","Counter({'Xception': 1, 'NASNetMobile': 1, 'DenseNet121': 1, 'InceptionResNetV2': 1, 'DenseNet201': 1})",",",5,",",
"batchId ,",228.0,",overall_accuracy, ",75.91885964912281,",step_accuracy, ",76.5,",models, ","Counter({'Xception': 1, 'NASNetMobile': 1, 'DenseNet121': 1, 'InceptionResNetV2': 1, 'DenseNet201': 1})",",",5,",",
"batchId ,",229.0,",overall_accuracy, ",75.92576419213974,",step_accuracy, ",77.5,",models, ","Counter({'Xception': 1, 'NASNetMobile': 1, 'DenseNet121': 1, 'InceptionResNetV2': 1, 'DenseNet201': 1})",",",5,",",
"batchId ,",230.0,",overall_accuracy, ",75.94130434782609,",step_accuracy, ",79.5,",models, ","Counter({'Xception': 1, 'NASNetMobile': 1, 'DenseNet121': 1, 'InceptionResNetV2': 1, 'DenseNet201': 1})",",",5,",",
"batchId ,",231.0,",overall_accuracy, ",75.93506493506493,",step_accuracy, ",74.5,",models, ","Counter({'Xception': 1, 'NASNetMobile': 1, 'DenseNet121': 1, 'InceptionResNetV2': 1, 'DenseNet201': 1})",",",5,",",
"batchId ,",232.0,",overall_accuracy, ",75.93318965517241,",step_accuracy, ",75.5,",models, ","Counter({'Xception': 1, 'NASNetMobile': 1, 'DenseNet121': 1, 'InceptionResNetV2': 1, 'DenseNet201': 1})",",",5,",",
"batchId ,",233.0,",overall_accuracy, ",75.9420600858369,",step_accuracy, ",78.0,",models, ","Counter({'Xception': 1, 'NASNetMobile': 1, 'DenseNet121': 1, 'InceptionResNetV2': 1, 'DenseNet201': 1})",",",5,",",
"batchId ,",234.0,",overall_accuracy, ",75.95085470085469,",step_accuracy, ",78.0,",models, ","Counter({'Xception': 1, 'NASNetMobile': 1, 'DenseNet121': 1, 'InceptionResNetV2': 1, 'DenseNet201': 1})",",",5,",",
"batchId ,",235.0,",overall_accuracy, ",75.9659574468085,",step_accuracy, ",79.5,",models, ","Counter({'Xception': 1, 'NASNetMobile': 1, 'DenseNet121': 1, 'InceptionResNetV2': 1, 'DenseNet201': 1})",",",5,",",
"batchId ,",236.0,",overall_accuracy, ",75.96610169491525,",step_accuracy, ",76.0,",models, ","Counter({'Xception': 1, 'NASNetMobile': 1, 'DenseNet121': 1, 'InceptionResNetV2': 1, 'DenseNet201': 1})",",",5,",",
"batchId ,",237.0,",overall_accuracy, ",75.9704641350211,",step_accuracy, ",77.0,",models, ","Counter({'Xception': 1, 'NASNetMobile': 1, 'DenseNet121': 1, 'InceptionResNetV2': 1, 'DenseNet201': 1})",",",5,",",
"batchId ,",238.0,",overall_accuracy, ",75.93487394957982,",step_accuracy, ",67.5,",models, ","Counter({'Xception': 1, 'NASNetMobile': 1, 'DenseNet121': 1, 'InceptionResNetV2': 1, 'DenseNet201': 1})",",",5,",",
"batchId ,",239.0,",overall_accuracy, ",75.94142259414227,",step_accuracy, ",77.5,",models, ","Counter({'Xception': 1, 'NASNetMobile': 1, 'DenseNet121': 1, 'InceptionResNetV2': 1, 'DenseNet201': 1})",",",5,",",
"batchId ,",240.0,",overall_accuracy, ",75.91458333333333,",step_accuracy, ",69.5,",models, ","Counter({'Xception': 1, 'NASNetMobile': 1, 'DenseNet121': 1, 'InceptionResNetV2': 1, 'DenseNet201': 1})",",",5,",",
"batchId ,",241.0,",overall_accuracy, ",75.91078838174273,",step_accuracy, ",75.0,",models, ","Counter({'Xception': 1, 'NASNetMobile': 1, 'DenseNet121': 1, 'InceptionResNetV2': 1, 'DenseNet201': 1})",",",5,",",
"batchId ,",242.0,",overall_accuracy, ",75.90702479338843,",step_accuracy, ",75.0,",models, ","Counter({'Xception': 1, 'NASNetMobile': 1, 'DenseNet121': 1, 'InceptionResNetV2': 1, 'DenseNet201': 1})",",",5,",",
"batchId ,",243.0,",overall_accuracy, ",75.90534979423869,",step_accuracy, ",75.5,",models, ","Counter({'Xception': 1, 'NASNetMobile': 1, 'DenseNet121': 1, 'InceptionResNetV2': 1, 'DenseNet201': 1})",",",5,",",
"batchId ,",244.0,",overall_accuracy, ",75.90573770491802,",step_accuracy, ",76.0,",models, ","Counter({'Xception': 1, 'NASNetMobile': 1, 'DenseNet121': 1, 'InceptionResNetV2': 1, 'DenseNet201': 1})",",",5,",",
"batchId ,",245.0,",overall_accuracy, ",75.91836734693878,",step_accuracy, ",79.0,",models, ","Counter({'Xception': 1, 'NASNetMobile': 1, 'DenseNet121': 1, 'InceptionResNetV2': 1, 'DenseNet201': 1})",",",5,",",
"batchId ,",246.0,",overall_accuracy, ",75.9349593495935,",step_accuracy, ",80.0,",models, ","Counter({'Xception': 1, 'NASNetMobile': 1, 'DenseNet121': 1, 'InceptionResNetV2': 1, 'DenseNet201': 1})",",",5,",",
"batchId ,",247.0,",overall_accuracy, ",75.93117408906883,",step_accuracy, ",75.0,",models, ","Counter({'Xception': 1, 'NASNetMobile': 1, 'DenseNet121': 1, 'InceptionResNetV2': 1, 'DenseNet201': 1})",",",5,",",
"batchId ,",248.0,",overall_accuracy, ",75.91330645161291,",step_accuracy, ",71.5,",models, ","Counter({'Xception': 1, 'NASNetMobile': 1, 'DenseNet121': 1, 'InceptionResNetV2': 1, 'DenseNet201': 1})",",",5,",",
"batchId ,",249.0,",overall_accuracy, ",75.92570281124497,",step_accuracy, ",79.0,",models, ","Counter({'Xception': 1, 'NASNetMobile': 1, 'DenseNet121': 1, 'InceptionResNetV2': 1, 'DenseNet201': 1})",",",5,",",
"batchId ,",250.0,",overall_accuracy, ",75.92,",step_accuracy, ",74.5,",models, ","Counter({'Xception': 1, 'NASNetMobile': 1, 'DenseNet121': 1, 'InceptionResNetV2': 1, 'DenseNet201': 1})",",",5,",",
